{"name":"Transfer","identifier":"LRE8SW2HEX","description":null,"parentIntentSignature":null,"sampleUtterances":[{"utterance":"계좌 이체를 하고 싶어요."},{"utterance":"{BankNameOrigin} {BankAccountOrigin} 계좌에서 {AmountToTransfer} 원을 {BankNameDest} {BankAccountDest} 로 이체하고 싶습니다."},{"utterance":"계좌 이체"}],"intentConfirmationSetting":{"isActive":true,"promptSpecification":{"messageGroupsList":[{"message":{"ssmlMessage":null,"customPayload":null,"plainTextMessage":{"value":"{BankNameOrigin} {BankAccountOrigin} 계좌에서 {AmountToTransfer} 원을 {BankNameDest} {BankAccountDest} 로 이체합니다. 이체를 진행하시겠습니까?"},"imageResponseCard":null},"variations":null}],"maxRetries":4,"allowInterrupt":true},"declinationResponse":{"messageGroupsList":[{"message":{"ssmlMessage":null,"customPayload":null,"plainTextMessage":{"value":"취소되었습니다."},"imageResponseCard":null},"variations":null}],"allowInterrupt":true}},"intentClosingSetting":null,"inputContexts":null,"outputContexts":null,"kendraConfiguration":null,"dialogCodeHook":{"enabled":true},"fulfillmentCodeHook":{"postFulfillmentStatusSpecification":null,"fulfillmentUpdatesSpecification":null,"enabled":true},"slotPriorities":[{"priority":4,"slotName":"BankNameDest"},{"priority":2,"slotName":"BankAccountOrigin"},{"priority":1,"slotName":"BankNameOrigin"},{"priority":3,"slotName":"AmountToTransfer"},{"priority":5,"slotName":"BankAccountDest"}]}