{
    "Items": [
        {
            "PK": {
                "S": "user-1"
            },
            "SK": {
                "S": "아마존은행#1234567890"
            },
            "Balance": {
                "N": "1500000"
            }
        },
        {
            "PK": {
                "S": "user-2"
            },
            "SK": {
                "S": "AWS은행#1234567890"
            },
            "Balance": {
                "N": "10000"
            }
        },
        {
            "PK": {
                "S": "user-1"
            },
            "SK": {
                "S": "한국은행#1111111111"
            },
            "Balance": {
                "N": "1000"
            }
        }        
    ]
}
