USER_ID,GENDER,AGE,OCCUPATION
1,F,1,10
2,M,56,16
3,M,25,15
4,M,45,7
5,M,25,20
6,F,50,9
7,M,35,1
8,M,25,12
9,M,25,17
10,F,35,1
11,F,25,1
12,M,25,12
13,M,45,1
14,M,35,0
15,M,25,7
16,F,35,0
17,M,50,1
18,F,18,3
19,M,1,10
20,M,25,14
21,M,18,16
22,M,18,15
23,M,35,0
24,F,25,7
25,M,18,4
26,M,25,7
27,M,25,11
28,F,25,1
29,M,35,7
30,F,35,7
31,M,56,7
32,F,25,0
33,M,45,3
34,F,18,0
35,M,45,1
36,M,25,3
37,F,25,9
38,F,18,4
39,M,18,4
40,M,45,0
41,F,18,4
42,M,25,8
43,M,25,12
44,M,45,17
45,F,45,16
46,M,18,19
47,M,18,4
48,M,25,4
49,M,18,12
50,F,25,2
51,F,1,10
52,M,18,4
53,M,25,0
54,M,50,1
55,F,35,12
56,M,35,20
57,M,18,19
58,M,25,2
59,F,50,1
60,M,50,1
61,M,25,17
62,F,35,3
63,M,18,4
64,M,18,1
65,M,35,12
66,M,25,18
67,F,50,5
68,M,18,4
69,F,25,1
70,M,18,4
71,M,25,14
72,F,45,0
73,M,18,4
74,M,35,14
75,F,1,10
76,M,35,7
77,M,18,4
78,F,45,1
79,F,45,0
80,M,56,1
81,F,25,0
82,M,25,17
83,F,25,2
84,M,18,4
85,M,18,4
86,F,1,10
87,M,25,14
88,F,45,1
89,F,56,9
90,M,56,13
91,M,35,7
92,F,18,4
93,M,25,17
94,M,25,17
95,M,45,0
96,F,25,16
97,F,35,3
98,F,35,7
99,F,1,10
100,M,35,17
101,F,18,3
102,M,35,19
103,M,45,7
104,M,25,12
105,M,45,12
106,F,35,11
107,M,45,18
108,M,25,12
109,M,45,15
110,M,25,2
111,M,35,15
112,M,25,16
113,M,18,12
114,F,25,2
115,M,25,17
116,M,25,17
117,M,25,17
118,M,35,17
119,F,1,10
120,M,25,11
121,M,35,7
122,F,18,4
123,M,35,9
124,M,56,7
125,M,45,14
126,M,18,9
127,F,45,3
128,M,56,6
129,M,25,11
130,M,35,17
131,M,18,4
132,M,25,17
133,F,25,0
134,M,25,0
135,M,18,4
136,M,18,2
137,F,45,6
138,M,18,20
139,F,25,20
140,F,35,1
141,M,35,13
142,M,25,7
143,M,18,3
144,M,25,17
145,M,18,4
146,F,35,20
147,M,18,4
148,M,50,17
149,M,25,1
150,M,35,7
151,F,25,20
152,M,18,4
153,M,1,10
154,M,50,20
155,M,35,12
156,F,45,7
157,M,35,16
158,M,56,7
159,F,45,0
160,M,35,7
161,M,45,16
162,F,18,4
163,M,18,4
164,F,56,13
165,M,18,16
166,M,18,4
167,F,25,11
168,F,50,0
169,M,25,7
170,M,25,11
171,F,50,17
172,M,25,3
173,M,25,0
174,M,25,16
175,F,25,2
176,F,18,3
177,M,50,1
178,M,56,17
179,M,25,0
180,M,45,12
181,M,18,17
182,M,18,4
183,F,45,1
184,F,25,0
185,M,45,0
186,M,18,5
187,F,45,1
188,M,56,16
189,M,18,0
190,M,25,17
191,M,18,4
192,M,18,1
193,F,45,15
194,F,1,10
195,M,25,12
196,F,35,9
197,M,18,14
198,M,25,12
199,M,18,4
200,F,18,4
201,F,35,2
202,M,18,4
203,F,18,4
204,M,25,7
205,M,35,12
206,M,25,17
207,M,25,12
208,M,35,17
209,M,35,1
210,F,1,10
211,M,45,17
212,M,25,16
213,F,18,4
214,M,18,20
215,M,35,14
216,M,45,13
217,M,18,4
218,M,35,14
219,F,25,4
220,M,25,12
221,F,25,0
222,M,25,1
223,M,25,17
224,F,18,4
225,M,25,7
226,M,35,1
227,M,35,20
228,M,25,15
229,M,18,10
230,M,45,1
231,M,25,3
232,M,25,20
233,F,45,20
234,M,35,7
235,M,25,0
236,M,25,5
237,M,25,6
238,F,50,7
239,M,18,19
240,M,50,17
241,M,35,20
242,F,18,4
243,M,25,16
244,M,50,7
245,M,35,16
246,F,18,4
247,M,25,17
248,M,18,17
249,F,18,14
250,M,35,16
251,M,56,17
252,M,25,12
253,F,25,11
254,M,35,17
255,M,35,0
256,M,45,16
257,M,18,18
258,M,25,7
259,M,25,1
260,M,18,19
261,M,25,20
262,F,25,1
263,F,25,7
264,M,35,0
265,F,35,7
266,M,35,11
267,M,45,12
268,F,18,12
269,M,25,2
270,M,50,14
271,M,18,4
272,M,18,0
273,M,18,4
274,M,18,4
275,M,25,0
276,M,45,16
277,F,35,1
278,M,45,18
279,M,25,14
280,M,50,7
281,F,35,0
282,M,25,17
283,M,25,0
284,M,25,12
285,F,35,0
286,M,25,1
287,M,50,13
288,F,25,12
289,F,25,0
290,F,25,20
291,M,35,12
292,M,35,7
293,M,56,1
294,F,45,9
295,M,18,0
296,M,50,5
297,M,18,2
298,F,18,4
299,M,25,12
300,M,25,7
301,M,18,4
302,M,18,4
303,M,25,7
304,M,25,0
305,F,18,0
306,M,18,0
307,M,50,16
308,M,25,2
309,M,25,4
310,F,18,4
311,M,18,4
312,F,50,2
313,F,18,4
314,F,56,9
315,F,56,1
316,M,56,13
317,M,35,7
318,F,56,13
319,F,50,6
320,M,35,6
321,M,18,4
322,M,56,17
323,M,45,12
324,M,35,17
325,F,50,3
326,M,50,11
327,M,35,18
328,M,35,12
329,M,35,7
330,M,56,7
331,M,25,7
332,M,50,1
333,M,35,2
334,F,56,2
335,M,35,18
336,M,18,0
337,M,18,19
338,M,35,7
339,M,50,7
340,F,25,3
341,F,56,13
342,M,18,12
343,F,35,3
344,M,35,14
345,M,25,12
346,F,25,0
347,F,56,1
348,M,50,7
349,M,1,10
350,M,45,20
351,M,18,4
352,M,18,4
353,F,35,7
354,M,35,1
355,M,18,3
356,M,56,20
357,M,18,0
358,F,56,1
359,M,25,17
360,M,35,17
361,F,25,14
362,M,35,20
363,M,18,10
364,F,35,1
365,F,18,4
366,M,50,15
367,M,50,12
368,M,25,0
369,M,35,1
370,M,18,17
371,M,18,4
372,F,18,4
373,F,25,2
374,F,35,14
375,M,25,2
376,M,35,1
377,M,25,17
378,F,18,0
379,F,35,1
380,M,25,2
381,M,35,17
382,F,35,20
383,F,25,7
384,M,25,11
385,M,25,6
386,M,25,0
387,F,35,7
388,F,25,0
389,M,25,6
390,M,25,4
391,M,45,11
392,M,18,7
393,M,35,17
394,M,18,0
395,M,18,5
396,M,25,1
397,M,35,17
398,M,25,17
399,F,35,6
400,F,18,3
401,M,18,0
402,M,25,11
403,M,18,4
404,M,18,4
405,M,56,1
406,M,25,20
407,M,18,17
408,M,25,11
409,M,18,12
410,F,25,1
411,F,45,1
412,M,35,15
413,M,25,11
414,M,25,0
415,F,35,0
416,M,45,14
417,F,25,0
418,F,25,3
419,M,18,3
420,M,35,1
421,F,45,3
422,M,56,17
423,M,18,4
424,M,25,17
425,M,25,12
426,M,18,4
427,M,35,12
428,F,18,4
429,M,18,0
430,F,18,10
431,M,18,10
432,M,45,16
433,M,50,6
434,F,45,3
435,M,25,7
436,M,18,4
437,M,35,17
438,M,18,11
439,M,35,14
440,M,56,1
441,M,35,1
442,M,25,1
443,M,25,3
444,M,56,0
445,M,45,12
446,F,50,0
447,F,45,11
448,M,25,17
449,M,25,7
450,M,45,1
451,M,56,13
452,M,50,17
453,M,18,4
454,M,25,20
455,F,35,2
456,M,35,0
457,M,18,4
458,M,50,16
459,F,18,4
460,M,45,18
461,M,50,7
462,M,18,16
463,M,25,7
464,F,18,4
465,M,18,19
466,M,25,5
467,F,35,3
468,F,1,10
469,M,35,6
470,F,1,10
471,M,35,7
472,M,35,0
473,F,18,4
474,M,25,17
475,F,25,2
476,M,35,0
477,M,35,14
478,M,50,16
479,M,25,12
480,F,18,4
481,M,45,7
482,M,25,14
483,M,18,12
484,F,1,10
485,M,56,7
486,M,56,0
487,F,35,17
488,M,25,12
489,M,18,4
490,M,1,10
491,M,18,4
492,M,25,12
493,M,50,7
494,F,35,0
495,M,18,10
496,M,18,4
497,F,25,17
498,M,35,17
499,F,25,1
500,F,18,2
501,M,25,2
502,M,35,6
503,M,35,11
504,M,25,2
505,M,35,17
506,M,25,16
507,F,25,0
508,M,25,12
509,M,25,2
510,M,18,12
511,F,45,4
512,M,35,0
513,M,25,0
514,M,25,2
515,M,25,1
516,F,56,14
517,F,25,14
518,F,35,12
519,F,35,14
520,F,35,20
521,M,56,7
522,M,25,12
523,M,50,7
524,M,18,0
525,M,35,6
526,M,45,17
527,F,25,2
528,F,18,17
529,M,35,12
530,M,25,2
531,F,18,14
532,M,25,7
533,M,25,12
534,M,25,15
535,M,35,6
536,M,25,20
537,M,45,14
538,M,56,16
539,M,25,2
540,M,18,1
541,F,18,4
542,M,18,4
543,M,25,5
544,M,35,12
545,M,35,17
546,F,25,0
547,M,35,12
548,F,35,16
549,M,25,6
550,M,45,8
551,M,35,20
552,M,50,18
553,M,25,2
554,M,25,12
555,M,18,4
556,F,25,9
557,M,56,1
558,M,35,20
559,F,25,7
560,M,45,15
561,F,18,14
562,M,35,20
563,M,25,4
564,M,45,1
565,M,25,16
566,M,25,17
567,M,35,20
568,F,50,17
569,F,18,4
570,M,25,4
571,M,50,5
572,M,18,4
573,F,35,2
574,M,25,19
575,M,25,12
576,F,45,15
577,M,35,0
578,M,18,17
579,M,25,5
580,M,1,10
581,M,50,14
582,M,18,4
583,F,25,0
584,F,25,0
585,M,18,1
586,M,35,14
587,M,25,20
588,F,25,11
589,M,18,2
590,F,35,6
591,M,25,0
592,M,18,0
593,F,50,1
594,F,56,13
595,M,25,7
596,F,25,1
597,M,35,12
598,M,35,7
599,M,50,6
600,M,35,17
601,F,18,20
602,F,56,6
603,F,25,6
604,M,45,17
605,F,18,4
606,F,1,10
607,M,25,0
608,M,18,4
609,M,25,7
610,M,25,4
611,M,35,0
612,M,50,7
613,M,35,20
614,M,35,1
615,M,50,17
616,M,25,7
617,F,25,7
618,M,25,0
619,F,18,1
620,M,18,0
621,M,18,4
622,M,25,0
623,M,25,17
624,M,25,1
625,F,35,12
626,M,18,4
627,M,50,2
628,F,35,0
629,F,1,10
630,F,35,14
631,M,35,17
632,M,45,17
633,M,25,17
634,F,1,10
635,M,56,17
636,M,18,20
637,M,35,12
638,M,25,6
639,M,45,17
640,M,18,4
641,F,35,0
642,F,35,1
643,M,25,2
644,M,25,20
645,M,35,20
646,M,35,7
647,M,35,12
648,F,25,12
649,M,25,4
650,M,25,17
651,M,35,7
652,M,18,20
653,M,56,13
654,M,50,7
655,F,25,2
656,F,45,16
657,F,50,13
658,F,25,0
659,F,25,0
660,M,45,16
661,M,45,1
662,M,18,4
663,F,25,7
664,M,35,18
665,M,18,2
666,F,18,0
667,M,25,18
668,F,25,3
669,M,25,17
670,M,25,12
671,M,18,4
672,M,35,7
673,M,25,20
674,M,25,17
675,M,25,20
676,M,18,16
677,M,50,2
678,M,25,0
679,M,35,16
680,M,25,12
681,M,35,7
682,M,25,4
683,M,25,4
684,M,25,4
685,M,25,4
686,M,18,4
687,F,25,7
688,M,56,13
689,F,50,0
690,M,25,12
691,M,35,11
692,F,25,0
693,M,35,12
694,M,18,4
695,F,18,1
696,M,25,12
697,F,50,6
698,M,18,4
699,M,18,0
700,M,50,17
701,F,18,4
702,M,35,7
703,F,56,1
704,F,35,8
705,M,25,4
706,M,35,20
707,M,35,7
708,M,25,0
709,M,18,0
710,M,25,20
711,M,25,18
712,M,25,0
713,M,35,7
714,M,18,4
715,M,18,0
716,M,18,4
717,M,25,11
718,M,18,2
719,M,1,0
720,M,18,0
721,F,35,9
722,M,25,12
723,M,25,12
724,M,50,13
725,M,56,11
726,F,25,9
727,M,35,11
728,M,25,6
729,M,35,12
730,M,25,0
731,M,45,3
732,M,25,7
733,M,35,16
734,M,25,7
735,M,25,14
736,M,18,12
737,M,1,19
738,M,18,17
739,M,35,12
740,M,25,14
741,M,25,5
742,M,18,0
743,F,1,2
744,M,25,17
745,M,1,10
746,F,18,19
747,M,18,4
748,M,25,0
749,M,35,18
750,F,35,9
751,F,25,17
752,F,25,3
753,M,1,10
754,M,35,7
755,F,35,0
756,M,35,0
757,M,25,12
758,M,35,7
759,F,56,3
760,M,56,15
761,M,18,7
762,M,1,10
763,M,18,10
764,M,18,20
765,M,25,17
766,F,25,7
767,M,25,12
768,M,25,12
769,M,45,17
770,M,18,4
771,F,50,1
772,M,18,12
773,M,25,6
774,M,18,4
775,M,1,17
776,F,25,3
777,M,18,19
778,M,18,17
779,M,25,0
780,M,25,17
781,M,18,4
782,M,56,1
783,M,25,4
784,M,18,0
785,M,18,19
786,M,25,0
787,M,18,4
788,M,25,0
789,M,18,1
790,M,25,17
791,M,35,7
792,M,25,17
793,F,35,14
794,M,50,20
795,F,35,14
796,M,50,6
797,F,50,7
798,F,25,20
799,F,25,5
800,F,35,12
801,F,25,20
802,M,25,16
803,M,18,4
804,M,25,20
805,M,35,12
806,M,35,0
807,M,18,4
808,M,25,7
809,M,25,17
810,M,25,12
811,M,50,0
812,M,25,6
813,M,18,4
814,F,18,4
815,M,25,4
816,M,45,0
817,M,18,4
818,M,18,4
819,M,35,7
820,M,35,7
821,M,18,2
822,F,25,1
823,M,25,0
824,M,35,12
825,M,56,1
826,F,35,1
827,M,45,2
828,M,18,4
829,M,1,19
830,M,35,7
831,F,45,0
832,M,18,2
833,M,35,7
834,F,35,12
835,M,56,0
836,M,25,11
837,M,56,7
838,M,50,17
839,M,25,0
840,F,25,3
841,F,50,14
842,F,18,0
843,M,25,7
844,M,25,0
845,F,18,0
846,M,25,5
847,F,25,7
848,M,25,15
849,M,25,3
850,M,35,0
851,M,18,4
852,M,25,5
853,M,25,17
854,F,25,16
855,F,18,2
856,F,45,6
857,M,35,17
858,M,35,14
859,M,25,12
860,M,18,0
861,M,25,7
862,M,35,7
863,M,25,7
864,F,25,0
865,M,35,1
866,M,1,10
867,M,45,12
868,M,50,17
869,M,18,20
870,F,25,1
871,M,1,10
872,M,50,1
873,M,56,6
874,M,45,15
875,M,1,10
876,M,25,4
877,M,25,0
878,M,18,2
879,M,45,16
880,M,35,17
881,M,18,14
882,M,18,2
883,F,35,14
884,M,1,10
885,M,35,0
886,F,56,0
887,F,56,16
888,F,1,10
889,M,45,20
890,M,18,4
891,M,25,1
892,M,35,0
893,F,50,6
894,M,18,4
895,M,50,1
896,M,18,15
897,M,25,6
898,M,25,7
899,F,25,1
900,F,56,13
901,F,56,0
902,M,56,0
903,M,56,13
904,M,35,20
905,F,45,12
906,M,1,10
907,F,45,6
908,F,50,1
909,M,45,7
910,F,50,0
911,M,50,0
912,F,35,2
913,M,25,0
914,F,35,9
915,M,25,7
916,F,25,1
917,M,50,6
918,F,45,1
919,F,35,1
920,M,18,4
921,M,25,17
922,M,56,16
923,M,25,7
924,M,50,17
925,F,35,3
926,M,1,10
927,F,25,20
928,F,56,16
929,M,25,15
930,M,25,5
931,F,56,1
932,F,35,6
933,M,45,1
934,F,35,7
935,M,35,14
936,M,18,4
937,M,25,15
938,F,25,1
939,F,25,20
940,M,1,10
941,M,18,20
942,F,50,6
943,F,45,12
944,M,35,0
945,M,45,7
946,M,35,7
947,M,18,0
948,M,56,12
949,M,50,17
950,M,35,7
951,M,45,2
952,M,56,16
953,M,50,20
954,F,25,0
955,F,50,7
956,M,35,1
957,M,35,1
958,M,35,2
959,M,50,11
960,M,1,10
961,M,18,10
962,F,25,1
963,M,25,0
964,M,25,7
965,M,56,7
966,M,56,2
967,F,18,0
968,M,50,12
969,F,25,11
970,M,25,0
971,M,25,12
972,M,45,1
973,F,25,1
974,M,35,19
975,M,35,0
976,M,35,14
977,M,25,2
978,M,18,0
979,M,1,10
980,M,25,6
981,M,25,20
982,F,25,9
983,F,25,16
984,M,50,16
985,M,25,4
986,F,56,0
987,F,35,17
988,M,50,11
989,M,50,0
990,M,18,6
991,F,25,9
992,F,35,3
993,M,25,0
994,M,18,2
995,F,18,4
996,M,25,17
997,M,1,19
998,M,45,20
999,M,25,15
1000,F,25,6
1001,M,25,4
1002,M,50,11
1003,M,25,2
1004,M,25,3
1005,M,35,11
1006,M,18,4
1007,M,50,12
1008,M,35,3
1009,M,50,7
1010,M,25,0
1011,M,25,8
1012,F,35,1
1013,M,56,13
1014,F,45,17
1015,M,35,3
1016,M,56,16
1017,M,35,0
1018,M,18,4
1019,M,35,1
1020,M,18,20
1021,M,35,0
1022,M,25,3
1023,M,56,13
1024,F,35,1
1025,M,25,16
1026,F,45,0
1027,M,18,4
1028,F,45,7
1029,M,25,0
1030,M,25,7
1031,M,35,16
1032,M,50,16
1033,M,25,5
1034,F,35,1
1035,M,18,2
1036,M,35,7
1037,M,45,7
1038,F,56,15
1039,F,35,1
1040,M,25,11
1041,M,45,2
1042,M,35,5
1043,F,50,11
1044,M,25,20
1045,F,1,10
1046,M,56,18
1047,M,18,0
1048,M,35,6
1049,M,45,14
1050,M,25,1
1051,F,25,0
1052,F,35,2
1053,M,35,0
1054,M,1,10
1055,M,35,0
1056,M,1,0
1057,M,45,17
1058,M,25,1
1059,F,25,0
1060,M,18,10
1061,M,45,0
1062,M,50,19
1063,M,35,7
1064,M,25,7
1065,F,25,0
1066,M,45,12
1067,M,35,12
1068,F,18,4
1069,M,25,20
1070,F,45,2
1071,M,50,16
1072,F,35,7
1073,F,25,6
1074,M,45,17
1075,F,25,6
1076,F,25,3
1077,M,25,3
1078,F,45,9
1079,M,25,7
1080,M,56,7
1081,M,18,4
1082,M,45,7
1083,M,56,0
1084,M,1,19
1085,M,25,7
1086,M,18,4
1087,M,25,16
1088,F,1,10
1089,M,35,6
1090,M,25,7
1091,M,18,5
1092,F,18,4
1093,M,50,14
1094,F,18,0
1095,F,56,6
1096,M,1,10
1097,M,18,17
1098,M,35,7
1099,M,25,17
1100,M,25,0
1101,M,35,1
1102,M,18,1
1103,F,45,7
1104,M,35,11
1105,M,35,6
1106,M,18,4
1107,F,50,1
1108,M,56,1
1109,M,18,10
1110,F,56,6
1111,F,50,16
1112,M,18,6
1113,M,18,4
1114,F,18,9
1115,F,25,1
1116,M,25,15
1117,M,18,14
1118,M,50,13
1119,M,35,1
1120,M,18,4
1121,M,56,7
1122,M,56,14
1123,M,50,0
1124,M,25,2
1125,F,18,4
1126,M,56,16
1127,M,25,0
1128,M,25,1
1129,M,35,17
1130,M,18,7
1131,M,56,13
1132,M,18,12
1133,M,18,2
1134,M,18,20
1135,M,50,13
1136,F,35,7
1137,M,18,4
1138,M,18,12
1139,M,25,1
1140,F,45,2
1141,F,25,3
1142,M,18,1
1143,M,50,7
1144,M,25,7
1145,M,50,3
1146,F,18,16
1147,M,25,20
1148,M,35,17
1149,M,25,12
1150,F,25,20
1151,M,25,15
1152,M,18,4
1153,M,18,10
1154,F,1,10
1155,M,25,12
1156,F,50,2
1157,M,45,7
1158,F,35,1
1159,M,18,0
1160,M,18,14
1161,M,25,0
1162,F,35,0
1163,M,1,10
1164,F,25,19
1165,M,25,12
1166,M,56,6
1167,F,50,1
1168,F,25,0
1169,M,25,20
1170,M,56,3
1171,M,45,12
1172,F,25,0
1173,F,25,7
1174,F,18,16
1175,F,25,2
1176,M,56,1
1177,F,25,17
1178,M,56,0
1179,M,50,1
1180,F,50,20
1181,M,35,7
1182,M,1,10
1183,M,35,19
1184,F,25,4
1185,F,35,1
1186,M,18,19
1187,F,1,0
1188,M,45,7
1189,M,25,0
1190,M,45,0
1191,F,35,0
1192,M,50,16
1193,M,25,12
1194,F,25,1
1195,F,1,10
1196,F,18,14
1197,M,35,1
1198,M,1,10
1199,M,50,13
1200,M,1,0
1201,M,18,4
1202,M,35,12
1203,F,25,1
1204,M,25,7
1205,F,56,0
1206,F,50,7
1207,M,50,0
1208,M,25,0
1209,M,35,7
1210,M,25,17
1211,M,18,4
1212,F,50,1
1213,M,50,0
1214,M,56,13
1215,M,35,17
1216,M,25,2
1217,M,25,12
1218,M,56,15
1219,M,25,7
1220,M,1,10
1221,M,18,0
1222,M,35,0
1223,M,25,2
1224,M,50,13
1225,M,45,7
1226,M,18,20
1227,M,50,1
1228,M,25,1
1229,F,25,4
1230,M,25,11
1231,M,25,12
1232,F,18,4
1233,F,45,20
1234,M,18,4
1235,F,25,7
1236,F,25,1
1237,M,18,4
1238,F,35,20
1239,F,25,20
1240,F,18,14
1241,M,1,10
1242,F,35,0
1243,M,35,15
1244,M,25,4
1245,M,25,17
1246,M,18,4
1247,M,35,0
1248,F,35,20
1249,M,35,2
1250,M,50,0
1251,M,25,7
1252,M,56,13
1253,F,35,20
1254,F,18,1
1255,M,25,17
1256,M,25,20
1257,F,18,14
1258,M,45,7
1259,M,35,7
1260,M,25,17
1261,M,18,4
1262,M,25,4
1263,M,1,10
1264,M,25,1
1265,F,18,20
1266,M,25,4
1267,M,25,15
1268,M,50,2
1269,F,56,13
1270,M,25,6
1271,F,45,6
1272,M,18,20
1273,M,35,2
1274,M,45,7
1275,M,50,17
1276,M,35,17
1277,F,18,0
1278,M,18,4
1279,M,35,1
1280,M,1,10
1281,M,25,19
1282,M,50,1
1283,F,18,1
1284,M,45,16
1285,M,35,4
1286,M,35,17
1287,F,50,7
1288,F,35,19
1289,M,45,6
1290,M,35,0
1291,F,35,0
1292,M,25,7
1293,M,25,5
1294,F,50,20
1295,F,35,6
1296,M,1,0
1297,M,25,7
1298,M,35,6
1299,M,25,14
1300,M,1,10
1301,F,25,2
1302,M,18,4
1303,M,25,19
1304,M,25,14
1305,M,45,20
1306,M,25,3
1307,M,56,13
1308,M,1,10
1309,M,25,14
1310,M,45,0
1311,M,18,10
1312,M,25,14
1313,M,18,4
1314,F,18,4
1315,M,35,7
1316,M,50,2
1317,M,45,7
1318,M,18,16
1319,F,25,3
1320,M,25,4
1321,F,25,14
1322,M,56,0
1323,F,35,2
1324,M,35,16
1325,M,25,1
1326,F,25,0
1327,M,1,10
1328,M,35,14
1329,M,18,14
1330,M,56,1
1331,M,45,0
1332,M,25,7
1333,M,25,17
1334,M,50,7
1335,M,35,0
1336,F,50,20
1337,M,56,17
1338,M,25,0
1339,M,35,18
1340,M,25,7
1341,M,18,7
1342,M,35,0
1343,M,35,14
1344,F,25,9
1345,F,25,2
1346,M,35,20
1347,F,18,1
1348,F,1,10
1349,M,50,7
1350,F,35,0
1351,F,25,17
1352,M,35,20
1353,M,1,10
1354,F,25,2
1355,F,45,20
1356,F,18,4
1357,M,45,0
1358,M,35,17
1359,M,35,1
1360,M,25,20
1361,F,25,0
1362,M,35,12
1363,M,50,7
1364,F,45,2
1365,F,1,10
1366,M,1,10
1367,M,25,12
1368,F,25,3
1369,M,25,5
1370,M,35,2
1371,F,50,2
1372,M,1,10
1373,F,25,1
1374,M,50,1
1375,F,45,5
1376,F,45,1
1377,M,35,16
1378,F,45,7
1379,F,56,13
1380,M,1,10
1381,M,18,11
1382,F,45,1
1383,F,25,7
1384,M,18,10
1385,F,25,5
1386,F,25,0
1387,F,50,13
1388,M,56,20
1389,M,25,17
1390,M,35,16
1391,M,35,15
1392,M,45,3
1393,M,18,4
1394,F,25,3
1395,M,25,2
1396,F,25,12
1397,M,35,7
1398,F,56,16
1399,M,18,17
1400,M,25,7
1401,F,18,1
1402,M,18,4
1403,F,25,0
1404,M,50,16
1405,M,56,13
1406,M,25,4
1407,F,35,15
1408,M,25,0
1409,M,18,4
1410,M,50,7
1411,M,35,1
1412,M,25,17
1413,M,18,3
1414,M,18,4
1415,M,45,14
1416,M,25,14
1417,M,35,16
1418,M,18,4
1419,F,25,1
1420,M,18,4
1421,F,1,10
1422,M,35,17
1423,M,25,4
1424,M,35,0
1425,M,1,10
1426,M,18,14
1427,M,25,12
1428,F,45,11
1429,F,35,3
1430,M,18,4
1431,M,56,6
1432,M,35,1
1433,F,18,14
1434,F,1,10
1435,M,25,14
1436,F,50,6
1437,M,50,3
1438,M,18,2
1439,M,35,3
1440,M,35,12
1441,M,35,16
1442,M,18,2
1443,M,35,2
1444,F,25,4
1445,M,25,2
1446,M,35,12
1447,M,18,4
1448,F,25,3
1449,M,35,20
1450,M,18,4
1451,M,35,20
1452,F,56,13
1453,M,25,14
1454,M,18,4
1455,F,45,0
1456,M,25,2
1457,M,25,1
1458,M,1,0
1459,F,25,0
1460,F,18,4
1461,F,45,0
1462,M,35,16
1463,M,50,16
1464,M,35,12
1465,M,50,16
1466,M,18,4
1467,M,25,5
1468,M,1,14
1469,M,56,20
1470,M,18,4
1471,M,25,17
1472,M,25,7
1473,M,25,14
1474,M,25,4
1475,F,25,2
1476,F,18,0
1477,F,45,1
1478,M,1,10
1479,F,50,2
1480,M,25,20
1481,M,35,17
1482,M,25,7
1483,M,18,4
1484,M,25,12
1485,F,25,9
1486,M,25,16
1487,M,35,7
1488,M,25,7
1489,F,35,2
1490,M,50,7
1491,M,18,4
1492,M,25,12
1493,F,25,14
1494,M,25,17
1495,M,18,0
1496,M,25,17
1497,M,50,5
1498,M,18,4
1499,M,1,10
1500,M,25,17
1501,M,25,11
1502,M,18,4
1503,M,25,12
1504,M,18,19
1505,M,50,11
1506,M,25,7
1507,M,35,17
1508,F,1,10
1509,M,1,0
1510,F,25,1
1511,M,35,12
1512,M,25,20
1513,F,35,16
1514,M,18,4
1515,M,25,16
1516,F,25,12
1517,M,18,0
1518,M,25,2
1519,M,18,4
1520,M,25,17
1521,F,25,7
1522,M,35,20
1523,M,25,17
1524,M,18,4
1525,F,25,16
1526,M,56,17
1527,M,18,10
1528,M,25,15
1529,M,18,4
1530,M,25,4
1531,M,45,17
1532,M,18,14
1533,M,45,1
1534,M,50,12
1535,F,18,20
1536,F,35,3
1537,M,18,20
1538,M,25,3
1539,M,25,3
1540,M,45,0
1541,M,56,17
1542,M,18,17
1543,M,25,11
1544,M,25,12
1545,M,25,20
1546,M,25,4
1547,M,56,13
1548,M,35,1
1549,M,35,6
1550,M,18,4
1551,M,25,11
1552,M,45,20
1553,F,25,15
1554,F,35,12
1555,F,18,0
1556,M,18,4
1557,F,18,4
1558,M,18,6
1559,M,35,8
1560,F,25,3
1561,F,18,4
1562,M,18,20
1563,F,1,10
1564,M,50,1
1565,M,45,17
1566,M,35,16
1567,M,25,12
1568,F,1,10
1569,F,56,13
1570,M,18,17
1571,M,25,20
1572,F,25,3
1573,M,1,0
1574,M,25,6
1575,F,50,7
1576,F,45,9
1577,M,56,0
1578,M,18,4
1579,M,25,0
1580,F,18,4
1581,F,18,4
1582,M,18,0
1583,M,35,6
1584,M,25,19
1585,M,56,20
1586,M,45,7
1587,F,25,3
1588,M,25,11
1589,M,25,0
1590,M,35,1
1591,M,50,7
1592,M,35,7
1593,M,25,16
1594,F,35,20
1595,M,35,1
1596,F,18,5
1597,M,25,12
1598,M,35,13
1599,M,25,0
1600,M,35,7
1601,M,25,12
1602,F,25,7
1603,F,25,0
1604,M,25,11
1605,F,18,0
1606,F,35,3
1607,M,45,1
1608,M,25,11
1609,F,35,9
1610,M,25,11
1611,M,25,0
1612,M,25,17
1613,M,18,20
1614,M,35,0
1615,F,45,7
1616,M,25,0
1617,M,25,12
1618,M,50,0
1619,M,50,3
1620,M,25,20
1621,M,25,4
1622,M,18,4
1623,M,50,15
1624,M,25,0
1625,M,45,0
1626,M,18,4
1627,M,18,17
1628,M,18,20
1629,M,18,4
1630,M,45,17
1631,F,50,0
1632,M,25,16
1633,F,45,7
1634,F,56,0
1635,M,25,0
1636,F,25,19
1637,M,56,0
1638,F,18,17
1639,M,25,17
1640,M,35,17
1641,M,25,0
1642,M,50,13
1643,M,45,2
1644,M,18,12
1645,F,18,9
1646,M,25,20
1647,M,18,18
1648,M,50,14
1649,M,18,19
1650,M,25,19
1651,M,25,12
1652,M,25,16
1653,M,18,0
1654,F,45,0
1655,M,18,4
1656,M,25,17
1657,F,45,0
1658,F,35,6
1659,F,18,9
1660,F,25,2
1661,M,35,7
1662,M,25,12
1663,M,18,4
1664,F,18,4
1665,M,45,17
1666,M,25,14
1667,M,50,16
1668,M,35,2
1669,F,25,17
1670,F,56,13
1671,M,35,0
1672,M,25,17
1673,M,1,10
1674,M,35,2
1675,F,25,6
1676,M,18,4
1677,M,18,14
1678,F,18,17
1679,M,25,12
1680,M,25,20
1681,M,18,4
1682,M,25,2
1683,F,25,7
1684,M,18,3
1685,M,35,12
1686,M,35,12
1687,M,25,3
1688,F,18,4
1689,M,35,5
1690,M,35,16
1691,F,25,17
1692,M,35,20
1693,M,25,12
1694,M,25,12
1695,M,25,1
1696,M,35,7
1697,F,18,4
1698,M,35,2
1699,F,25,19
1700,M,25,20
1701,F,25,4
1702,M,18,10
1703,M,18,15
1704,M,25,4
1705,F,18,4
1706,M,25,20
1707,M,50,1
1708,M,25,0
1709,M,25,0
1710,M,18,0
1711,F,18,4
1712,M,25,0
1713,M,25,0
1714,M,25,17
1715,M,25,16
1716,M,25,0
1717,F,50,6
1718,M,18,4
1719,M,18,16
1720,M,18,4
1721,M,18,19
1722,M,35,0
1723,M,35,17
1724,M,18,4
1725,M,18,19
1726,M,25,2
1727,M,35,16
1728,M,18,4
1729,M,25,7
1730,F,18,4
1731,F,18,0
1732,M,18,4
1733,M,18,14
1734,M,45,17
1735,M,18,20
1736,M,56,8
1737,M,35,20
1738,M,35,16
1739,M,56,16
1740,M,56,1
1741,M,35,7
1742,M,25,15
1743,M,35,17
1744,M,35,12
1745,M,45,0
1746,M,25,4
1747,M,25,0
1748,M,50,1
1749,M,25,2
1750,M,50,5
1751,M,35,20
1752,M,25,3
1753,M,35,6
1754,M,18,19
1755,F,18,4
1756,F,25,1
1757,M,25,4
1758,F,25,0
1759,M,25,16
1760,F,25,3
1761,M,35,0
1762,M,25,14
1763,M,35,7
1764,M,18,0
1765,M,18,4
1766,F,45,0
1767,M,25,20
1768,M,45,16
1769,M,25,17
1770,M,35,16
1771,M,25,17
1772,M,56,2
1773,M,18,4
1774,M,25,17
1775,M,25,4
1776,M,25,0
1777,M,25,20
1778,M,18,4
1779,M,18,1
1780,M,35,1
1781,F,35,0
1782,M,45,0
1783,M,18,4
1784,M,18,20
1785,M,18,4
1786,M,45,1
1787,M,18,8
1788,M,45,2
1789,M,1,10
1790,M,25,0
1791,M,18,4
1792,F,25,2
1793,M,25,4
1794,M,25,11
1795,M,18,17
1796,M,50,11
1797,M,35,7
1798,M,45,11
1799,M,35,11
1800,M,18,4
1801,F,25,6
1802,M,18,4
1803,M,25,2
1804,M,25,7
1805,M,18,4
1806,M,18,4
1807,M,18,17
1808,F,18,4
1809,F,25,14
1810,M,50,13
1811,M,56,2
1812,F,25,12
1813,F,35,6
1814,M,50,7
1815,M,1,1
1816,F,35,9
1817,M,35,1
1818,M,1,8
1819,F,35,12
1820,M,25,20
1821,M,25,20
1822,F,25,0
1823,F,35,1
1824,F,18,4
1825,M,25,7
1826,M,45,11
1827,F,25,1
1828,M,18,4
1829,M,25,16
1830,M,18,4
1831,M,18,4
1832,F,18,4
1833,M,18,17
1834,M,35,5
1835,M,25,19
1836,M,25,0
1837,M,25,2
1838,M,35,7
1839,M,18,4
1840,M,25,12
1841,M,18,0
1842,M,18,4
1843,M,25,12
1844,F,18,4
1845,M,25,2
1846,M,45,12
1847,M,18,4
1848,M,35,5
1849,M,35,7
1850,M,18,5
1851,M,25,19
1852,M,25,12
1853,M,50,0
1854,M,25,0
1855,M,18,4
1856,M,56,7
1857,M,1,10
1858,F,18,4
1859,F,25,4
1860,M,56,16
1861,M,50,16
1862,M,50,14
1863,M,18,4
1864,M,35,7
1865,F,18,1
1866,M,25,7
1867,M,50,7
1868,M,50,11
1869,M,45,14
1870,M,56,13
1871,F,45,1
1872,M,50,20
1873,M,35,7
1874,M,45,7
1875,M,35,12
1876,M,25,12
1877,F,45,20
1878,M,1,10
1879,M,25,4
1880,M,35,0
1881,M,35,2
1882,M,35,16
1883,F,50,0
1884,M,45,20
1885,M,50,17
1886,M,25,12
1887,M,56,15
1888,M,35,12
1889,M,18,14
1890,M,50,6
1891,M,45,1
1892,M,25,20
1893,F,35,0
1894,F,35,7
1895,M,35,14
1896,M,56,13
1897,F,50,2
1898,M,25,12
1899,F,45,6
1900,M,56,12
1901,M,50,7
1902,M,25,19
1903,M,35,0
1904,M,18,1
1905,F,35,20
1906,F,25,5
1907,M,35,17
1908,M,56,13
1909,M,18,4
1910,M,1,10
1911,F,18,4
1912,M,25,4
1913,M,25,17
1914,F,35,14
1915,M,50,13
1916,M,45,7
1917,M,18,10
1918,F,45,6
1919,M,1,0
1920,F,35,7
1921,M,56,12
1922,F,25,7
1923,M,35,7
1924,F,56,6
1925,M,50,7
1926,F,1,0
1927,M,35,7
1928,M,1,10
1929,F,1,10
1930,M,25,15
1931,M,25,2
1932,M,25,7
1933,M,18,19
1934,M,25,17
1935,M,1,10
1936,M,35,0
1937,M,25,11
1938,F,25,2
1939,F,35,2
1940,M,25,12
1941,M,35,17
1942,M,35,5
1943,M,18,4
1944,F,18,4
1945,M,25,20
1946,M,25,14
1947,M,25,7
1948,M,1,10
1949,M,18,17
1950,M,25,12
1951,F,18,4
1952,M,35,1
1953,F,25,2
1954,M,25,16
1955,M,1,19
1956,M,35,0
1957,F,18,4
1958,F,25,1
1959,F,50,13
1960,M,45,7
1961,F,50,3
1962,F,18,1
1963,F,50,9
1964,F,25,6
1965,M,56,17
1966,M,25,20
1967,M,50,7
1968,M,25,11
1969,F,25,3
1970,M,50,13
1971,F,25,14
1972,M,45,17
1973,M,25,1
1974,M,35,17
1975,M,18,4
1976,M,35,5
1977,M,56,6
1978,M,1,10
1979,M,56,17
1980,M,35,7
1981,M,56,1
1982,M,1,10
1983,M,25,14
1984,M,18,10
1985,M,45,12
1986,M,50,13
1987,M,25,17
1988,F,25,1
1989,M,50,6
1990,M,25,7
1991,M,25,20
1992,M,18,4
1993,M,35,17
1994,M,35,2
1995,M,25,1
1996,M,35,0
1997,M,25,0
1998,F,50,9
1999,F,35,3
2000,M,18,4
2001,M,50,1
2002,F,56,13
2003,M,1,10
2004,M,45,19
2005,M,18,4
2006,M,35,0
2007,M,50,16
2008,M,25,3
2009,F,35,7
2010,M,18,4
2011,F,35,3
2012,M,25,4
2013,M,45,0
2014,M,18,4
2015,M,18,4
2016,F,56,2
2017,M,25,17
2018,M,35,16
2019,M,50,1
2020,M,25,7
2021,M,25,0
2022,M,25,7
2023,M,18,4
2024,M,1,19
2025,M,56,13
2026,M,50,16
2027,F,25,9
2028,M,45,6
2029,F,25,12
2030,M,25,4
2031,M,35,20
2032,M,50,14
2033,F,45,20
2034,F,45,2
2035,F,18,0
2036,F,25,14
2037,M,56,14
2038,F,45,1
2039,M,50,16
2040,F,25,7
2041,F,25,20
2042,M,1,10
2043,M,25,14
2044,F,45,0
2045,F,1,0
2046,M,35,1
2047,M,1,10
2048,M,50,6
2049,F,50,0
2050,F,35,3
2051,M,35,7
2052,M,1,10
2053,M,45,11
2054,M,25,12
2055,M,50,11
2056,M,25,4
2057,M,35,1
2058,F,56,1
2059,M,35,0
2060,M,1,1
2061,M,56,1
2062,M,18,4
2063,M,25,4
2064,M,35,1
2065,M,25,6
2066,F,25,6
2067,M,50,16
2068,F,35,12
2069,M,56,15
2070,F,35,6
2071,M,45,7
2072,F,50,12
2073,F,18,4
2074,M,18,4
2075,F,25,4
2076,M,18,4
2077,M,18,0
2078,M,18,4
2079,M,1,10
2080,M,25,11
2081,M,18,17
2082,M,1,19
2083,M,18,4
2084,M,18,4
2085,M,18,0
2086,M,35,14
2087,M,25,0
2088,M,50,7
2089,M,35,17
2090,M,35,17
2091,F,35,20
2092,M,56,1
2093,M,18,0
2094,M,35,2
2095,M,56,13
2096,F,25,17
2097,M,18,5
2098,M,35,20
2099,F,18,0
2100,F,25,0
2101,M,25,16
2102,M,25,11
2103,M,35,12
2104,M,45,15
2105,M,25,1
2106,F,18,20
2107,M,25,1
2108,M,1,10
2109,M,25,16
2110,M,50,11
2111,M,56,13
2112,F,45,12
2113,M,25,6
2114,M,18,18
2115,M,35,17
2116,M,18,4
2117,M,56,13
2118,M,25,14
2119,M,35,4
2120,M,1,0
2121,M,56,13
2122,M,35,12
2123,F,35,0
2124,M,25,0
2125,M,35,3
2126,M,56,14
2127,M,18,4
2128,F,45,1
2129,M,25,5
2130,M,45,0
2131,M,25,0
2132,M,56,14
2133,F,1,10
2134,M,18,10
2135,M,50,1
2136,M,35,18
2137,F,1,10
2138,F,18,4
2139,F,50,3
2140,M,45,14
2141,F,50,16
2142,F,45,14
2143,M,18,4
2144,M,18,0
2145,M,18,10
2146,M,18,2
2147,F,18,0
2148,F,18,0
2149,M,25,0
2150,F,18,4
2151,M,56,13
2152,M,18,4
2153,M,18,16
2154,M,25,12
2155,F,1,10
2156,M,18,19
2157,F,18,3
2158,M,25,12
2159,F,50,14
2160,F,18,19
2161,F,35,2
2162,F,1,10
2163,M,18,0
2164,M,35,0
2165,M,25,7
2166,M,1,10
2167,F,25,6
2168,M,1,10
2169,M,1,0
2170,F,50,16
2171,M,35,0
2172,M,18,20
2173,M,50,13
2174,M,50,12
2175,M,25,4
2176,M,1,19
2177,F,35,20
2178,M,45,14
2179,F,25,0
2180,M,25,12
2181,M,25,0
2182,F,25,4
2183,F,56,1
2184,M,18,4
2185,M,45,17
2186,M,18,5
2187,M,45,16
2188,F,18,19
2189,M,1,10
2190,F,25,15
2191,M,18,4
2192,F,25,0
2193,M,1,10
2194,M,25,17
2195,M,1,10
2196,M,25,12
2197,F,25,1
2198,F,35,9
2199,M,1,10
2200,M,35,1
2201,M,56,20
2202,F,1,10
2203,M,45,12
2204,M,56,3
2205,F,25,7
2206,M,45,7
2207,M,18,4
2208,M,25,0
2209,M,35,7
2210,M,45,17
2211,M,45,6
2212,M,18,4
2213,F,25,0
2214,F,25,1
2215,F,25,0
2216,F,25,20
2217,M,1,10
2218,M,35,17
2219,M,25,6
2220,F,50,3
2221,M,56,17
2222,F,45,1
2223,M,25,2
2224,M,25,12
2225,M,25,5
2226,F,25,7
2227,M,50,14
2228,M,25,12
2229,M,45,0
2230,F,45,1
2231,M,50,11
2232,M,25,14
2233,F,35,3
2234,M,56,1
2235,M,1,10
2236,M,1,10
2237,F,35,6
2238,F,25,4
2239,M,18,10
2240,M,45,12
2241,M,45,5
2242,M,18,4
2243,M,45,2
2244,M,1,10
2245,M,1,10
2246,M,25,0
2247,M,45,2
2248,F,35,12
2249,M,25,5
2250,M,18,19
2251,M,35,14
2252,F,18,1
2253,F,50,0
2254,M,35,5
2255,F,35,6
2256,F,45,15
2257,F,18,4
2258,F,18,4
2259,F,56,16
2260,F,25,20
2261,M,25,5
2262,M,45,17
2263,M,25,6
2264,F,45,7
2265,M,56,13
2266,F,50,2
2267,F,56,13
2268,F,35,1
2269,F,45,0
2270,M,18,1
2271,M,50,14
2272,M,25,0
2273,M,25,6
2274,M,18,2
2275,M,56,7
2276,M,56,13
2277,F,45,9
2278,M,50,17
2279,M,50,7
2280,M,56,6
2281,M,45,11
2282,M,50,2
2283,M,35,18
2284,M,25,20
2285,F,1,10
2286,M,35,17
2287,M,56,0
2288,M,1,10
2289,F,50,1
2290,M,25,0
2291,M,45,1
2292,M,50,15
2293,F,56,3
2294,M,56,13
2295,M,45,11
2296,F,25,6
2297,M,56,13
2298,M,35,17
2299,F,18,10
2300,M,56,13
2301,F,25,12
2302,M,50,12
2303,M,50,17
2304,M,45,12
2305,M,50,20
2306,F,18,4
2307,M,25,17
2308,F,45,16
2309,F,45,0
2310,M,45,12
2311,F,25,4
2312,M,45,0
2313,F,50,6
2314,F,25,1
2315,M,56,7
2316,M,35,0
2317,F,45,9
2318,M,56,7
2319,M,35,7
2320,F,50,1
2321,M,25,7
2322,F,56,13
2323,M,35,3
2324,M,35,17
2325,F,18,4
2326,M,18,4
2327,M,18,10
2328,M,56,7
2329,F,56,15
2330,M,45,7
2331,M,56,1
2332,M,56,14
2333,M,50,6
2334,F,56,7
2335,M,50,17
2336,M,35,18
2337,M,35,17
2338,M,45,17
2339,F,56,3
2340,M,35,2
2341,M,56,1
2342,M,35,3
2343,F,45,1
2344,M,25,12
2345,M,35,16
2346,F,1,10
2347,M,35,1
2348,M,50,12
2349,M,25,8
2350,M,18,4
2351,F,25,0
2352,M,50,13
2353,F,35,9
2354,M,35,11
2355,F,45,9
2356,F,50,16
2357,F,35,14
2358,F,56,6
2359,M,56,13
2360,M,50,6
2361,M,56,7
2362,M,25,14
2363,M,50,14
2364,F,56,9
2365,M,50,7
2366,F,45,16
2367,F,25,9
2368,F,56,13
2369,M,35,14
2370,M,50,1
2371,F,35,7
2372,F,45,7
2373,M,45,7
2374,M,25,14
2375,F,50,7
2376,M,25,1
2377,M,35,0
2378,M,25,3
2379,M,18,18
2380,M,25,4
2381,F,35,9
2382,M,50,13
2383,F,25,14
2384,M,35,17
2385,F,45,2
2386,F,25,0
2387,M,25,17
2388,M,56,5
2389,M,25,16
2390,F,25,6
2391,M,50,18
2392,F,56,3
2393,M,56,13
2394,M,35,6
2395,M,35,7
2396,F,18,0
2397,F,35,11
2398,M,25,0
2399,M,35,17
2400,F,25,16
2401,M,25,4
2402,M,45,17
2403,M,18,4
2404,M,18,7
2405,M,50,8
2406,F,56,12
2407,M,35,16
2408,F,45,1
2409,F,35,9
2410,M,56,7
2411,F,35,14
2412,M,56,13
2413,F,56,7
2414,M,25,1
2415,M,25,7
2416,M,45,7
2417,M,45,1
2418,F,1,10
2419,M,25,0
2420,M,50,7
2421,M,35,7
2422,F,50,9
2423,F,45,9
2424,M,25,17
2425,F,35,14
2426,M,56,0
2427,F,25,14
2428,M,45,17
2429,M,25,2
2430,M,25,4
2431,F,25,4
2432,M,25,4
2433,M,25,4
2434,M,25,4
2435,M,25,4
2436,M,25,7
2437,M,25,4
2438,M,35,1
2439,M,45,17
2440,M,50,17
2441,F,45,6
2442,M,35,17
2443,F,35,0
2444,F,45,4
2445,M,25,0
2446,M,18,7
2447,M,25,14
2448,M,35,6
2449,M,56,13
2450,M,45,16
2451,M,45,12
2452,M,45,7
2453,M,25,7
2454,M,18,0
2455,M,35,7
2456,M,25,5
2457,M,25,0
2458,M,25,7
2459,M,50,7
2460,F,50,1
2461,M,18,4
2462,M,35,1
2463,M,25,7
2464,F,18,4
2465,M,50,6
2466,M,25,15
2467,M,1,10
2468,M,50,1
2469,M,25,4
2470,M,35,18
2471,M,50,13
2472,M,25,18
2473,M,25,12
2474,M,25,12
2475,F,25,18
2476,M,50,12
2477,M,45,0
2478,M,50,1
2479,F,25,1
2480,F,18,20
2481,M,35,14
2482,F,50,3
2483,M,56,13
2484,M,45,5
2485,M,35,14
2486,M,18,12
2487,M,45,7
2488,F,45,2
2489,F,35,9
2490,M,25,12
2491,M,35,7
2492,F,45,2
2493,M,45,2
2494,M,18,4
2495,F,18,4
2496,M,50,1
2497,F,50,14
2498,M,56,18
2499,M,50,0
2500,M,56,1
2501,M,25,15
2502,M,56,13
2503,M,35,17
2504,M,25,7
2505,M,25,7
2506,F,25,14
2507,M,25,4
2508,F,35,3
2509,M,25,5
2510,M,25,7
2511,M,25,7
2512,F,45,14
2513,M,56,1
2514,M,56,14
2515,M,45,12
2516,F,45,6
2517,F,35,9
2518,M,25,7
2519,F,45,2
2520,F,56,2
2521,M,35,17
2522,M,18,11
2523,M,25,17
2524,F,56,9
2525,F,35,1
2526,M,56,13
2527,M,35,15
2528,M,56,0
2529,F,35,9
2530,M,18,0
2531,F,45,7
2532,F,56,13
2533,F,25,3
2534,F,50,6
2535,F,56,2
2536,M,56,13
2537,M,35,11
2538,M,56,13
2539,M,35,7
2540,F,45,6
2541,F,35,5
2542,F,45,13
2543,F,35,0
2544,M,45,1
2545,M,56,13
2546,F,56,13
2547,F,35,0
2548,F,35,6
2549,M,56,13
2550,M,50,7
2551,M,25,12
2552,F,25,9
2553,M,25,7
2554,M,25,1
2555,M,56,7
2556,M,25,4
2557,F,18,19
2558,M,56,17
2559,M,18,10
2560,F,45,6
2561,M,25,15
2562,M,18,0
2563,M,45,13
2564,F,35,20
2565,M,35,5
2566,M,35,17
2567,M,25,0
2568,M,25,17
2569,M,45,0
2570,F,56,14
2571,M,35,17
2572,M,35,14
2573,M,45,16
2574,M,50,6
2575,M,35,7
2576,M,18,17
2577,M,25,7
2578,M,50,7
2579,M,35,15
2580,F,45,1
2581,M,25,11
2582,F,25,1
2583,M,35,7
2584,F,56,1
2585,M,45,15
2586,M,25,20
2587,M,35,7
2588,F,56,13
2589,M,25,0
2590,M,18,4
2591,M,18,1
2592,M,50,7
2593,M,56,16
2594,M,35,7
2595,M,18,4
2596,M,50,7
2597,F,50,0
2598,M,25,17
2599,M,25,12
2600,M,25,14
2601,M,35,16
2602,M,45,12
2603,M,25,17
2604,M,25,0
2605,M,35,7
2606,M,50,7
2607,F,56,0
2608,F,25,1
2609,F,50,12
2610,M,45,7
2611,M,25,3
2612,F,45,3
2613,M,35,1
2614,M,25,7
2615,M,25,7
2616,M,35,7
2617,F,45,15
2618,F,18,4
2619,M,35,12
2620,M,18,4
2621,M,18,0
2622,F,35,6
2623,M,56,1
2624,F,35,0
2625,M,35,7
2626,M,56,1
2627,M,25,1
2628,F,25,2
2629,M,25,11
2630,F,18,5
2631,F,50,1
2632,M,56,0
2633,F,35,9
2634,M,56,1
2635,M,35,0
2636,M,18,12
2637,F,35,20
2638,M,25,14
2639,F,25,6
2640,M,35,12
2641,M,25,6
2642,M,25,0
2643,M,45,17
2644,M,18,15
2645,M,25,7
2646,M,45,17
2647,F,35,11
2648,M,25,17
2649,M,25,16
2650,M,45,7
2651,M,56,14
2652,M,35,20
2653,M,25,7
2654,F,35,9
2655,M,35,7
2656,M,56,13
2657,F,1,10
2658,M,25,7
2659,M,35,14
2660,M,56,17
2661,M,56,13
2662,M,25,17
2663,F,25,4
2664,M,35,7
2665,M,35,11
2666,M,45,16
2667,F,35,6
2668,F,25,4
2669,M,45,0
2670,M,35,6
2671,F,35,12
2672,M,35,7
2673,M,35,7
2674,M,25,4
2675,M,35,18
2676,M,56,20
2677,F,35,7
2678,M,25,6
2679,F,18,4
2680,M,25,12
2681,F,25,4
2682,M,18,4
2683,M,35,7
2684,F,18,0
2685,M,45,7
2686,M,25,0
2687,M,1,10
2688,M,25,17
2689,M,25,12
2690,M,25,7
2691,M,18,4
2692,F,18,4
2693,M,56,13
2694,M,18,4
2695,M,35,11
2696,M,25,7
2697,F,50,17
2698,F,25,2
2699,F,56,13
2700,M,25,7
2701,M,45,1
2702,M,45,6
2703,M,35,11
2704,M,56,13
2705,M,25,1
2706,F,25,1
2707,M,56,13
2708,M,25,7
2709,F,25,0
2710,M,35,17
2711,F,25,4
2712,F,18,19
2713,M,25,7
2714,M,18,4
2715,F,50,4
2716,F,50,4
2717,M,25,4
2718,F,25,4
2719,M,25,12
2720,M,35,0
2721,M,45,14
2722,M,35,7
2723,F,25,9
2724,F,45,2
2725,M,35,7
2726,M,45,11
2727,M,25,11
2728,M,35,12
2729,M,50,7
2730,M,35,11
2731,M,35,7
2732,M,45,17
2733,M,45,17
2734,F,18,4
2735,M,25,7
2736,M,45,12
2737,M,25,3
2738,F,50,2
2739,F,35,7
2740,M,45,17
2741,M,25,14
2742,M,25,17
2743,M,25,14
2744,M,18,17
2745,F,35,1
2746,M,50,14
2747,F,18,4
2748,M,25,4
2749,M,25,12
2750,F,25,15
2751,F,25,16
2752,M,25,15
2753,F,50,20
2754,M,50,12
2755,M,35,7
2756,M,18,4
2757,M,25,2
2758,M,56,8
2759,M,25,7
2760,M,56,0
2761,M,35,6
2762,M,50,16
2763,F,18,4
2764,M,25,7
2765,M,50,7
2766,M,45,7
2767,M,25,0
2768,M,25,17
2769,M,25,7
2770,M,35,1
2771,M,18,1
2772,M,35,17
2773,M,35,2
2774,M,25,1
2775,F,18,4
2776,M,25,14
2777,M,18,4
2778,M,56,13
2779,M,35,7
2780,M,25,17
2781,M,35,4
2782,F,18,4
2783,M,45,17
2784,M,50,20
2785,M,56,13
2786,M,25,4
2787,M,25,4
2788,M,56,1
2789,M,18,4
2790,M,25,20
2791,M,56,7
2792,M,18,4
2793,M,35,7
2794,M,25,2
2795,M,50,13
2796,M,25,14
2797,F,25,7
2798,M,35,20
2799,M,18,0
2800,F,18,4
2801,F,25,3
2802,M,35,20
2803,M,25,7
2804,F,35,0
2805,M,56,19
2806,M,1,10
2807,F,35,11
2808,M,56,16
2809,M,25,7
2810,F,1,10
2811,M,25,19
2812,M,25,17
2813,M,25,20
2814,M,35,7
2815,M,35,17
2816,M,25,7
2817,M,35,12
2818,M,25,12
2819,M,45,14
2820,F,35,0
2821,M,18,20
2822,M,50,7
2823,M,25,4
2824,M,18,4
2825,F,25,20
2826,M,35,12
2827,M,25,17
2828,M,18,4
2829,M,45,20
2830,M,35,7
2831,M,25,0
2832,M,25,17
2833,M,25,15
2834,M,35,1
2835,M,35,20
2836,M,25,12
2837,M,18,0
2838,M,18,1
2839,M,25,17
2840,M,25,0
2841,M,50,12
2842,M,35,17
2843,F,25,4
2844,M,25,20
2845,M,25,4
2846,F,18,4
2847,M,18,4
2848,M,25,0
2849,M,45,11
2850,M,18,20
2851,F,25,7
2852,M,25,12
2853,M,1,1
2854,F,18,4
2855,M,25,4
2856,M,35,11
2857,M,25,0
2858,F,1,10
2859,M,18,1
2860,M,35,17
2861,M,25,15
2862,M,45,7
2863,F,25,2
2864,F,35,3
2865,F,25,6
2866,M,25,7
2867,M,45,17
2868,M,35,12
2869,M,50,17
2870,M,50,18
2871,F,25,14
2872,M,25,20
2873,F,18,4
2874,F,35,20
2875,M,25,2
2876,M,25,17
2877,M,35,1
2878,F,50,20
2879,M,18,4
2880,M,18,12
2881,F,25,12
2882,M,18,20
2883,M,18,20
2884,F,50,3
2885,F,18,1
2886,M,18,4
2887,M,25,3
2888,M,25,14
2889,M,35,3
2890,M,35,7
2891,F,18,4
2892,M,25,4
2893,M,25,1
2894,M,18,4
2895,M,25,11
2896,M,18,14
2897,M,25,5
2898,M,18,4
2899,M,35,14
2900,M,18,12
2901,M,25,17
2902,M,25,12
2903,M,25,16
2904,M,25,4
2905,M,35,17
2906,M,35,19
2907,F,35,5
2908,M,18,2
2909,M,25,7
2910,M,1,19
2911,F,25,4
2912,F,18,4
2913,F,35,20
2914,M,25,4
2915,M,25,7
2916,M,45,2
2917,M,25,0
2918,M,25,12
2919,M,18,17
2920,M,25,2
2921,M,50,1
2922,M,25,17
2923,M,35,12
2924,F,18,4
2925,F,25,4
2926,F,18,2
2927,M,25,12
2928,M,25,2
2929,M,18,2
2930,M,50,17
2931,M,18,4
2932,M,25,12
2933,M,35,11
2934,F,35,20
2935,M,25,0
2936,F,18,4
2937,F,18,4
2938,F,25,0
2939,F,25,15
2940,M,25,0
2941,M,35,12
2942,F,50,1
2943,M,35,12
2944,F,18,4
2945,F,35,17
2946,M,35,16
2947,F,25,0
2948,M,18,14
2949,M,25,17
2950,M,18,0
2951,F,35,14
2952,M,25,4
2953,M,25,20
2954,M,18,2
2955,M,35,14
2956,M,25,12
2957,M,18,4
2958,M,25,7
2959,M,35,17
2960,M,18,4
2961,M,50,17
2962,M,35,3
2963,F,18,4
2964,M,25,17
2965,F,35,4
2966,F,25,4
2967,M,25,0
2968,F,18,0
2969,M,25,7
2970,M,18,4
2971,M,25,4
2972,M,25,4
2973,F,18,4
2974,M,18,4
2975,M,35,11
2976,M,18,20
2977,F,18,4
2978,M,35,20
2979,M,35,2
2980,M,45,7
2981,M,45,6
2982,M,25,4
2983,M,18,4
2984,M,25,4
2985,M,18,4
2986,M,25,4
2987,M,18,4
2988,F,18,6
2989,M,35,12
2990,M,35,12
2991,M,50,1
2992,M,18,4
2993,M,18,19
2994,M,35,5
2995,M,25,15
2996,M,18,0
2997,F,35,16
2998,F,25,1
2999,M,25,7
3000,M,25,4
3001,M,18,4
3002,M,45,11
3003,M,18,15
3004,F,18,4
3005,M,25,17
3006,M,18,4
3007,M,35,0
3008,M,18,4
3009,F,35,3
3010,M,25,12
3011,M,25,1
3012,M,25,12
3013,M,45,17
3014,M,35,7
3015,M,56,6
3016,M,18,12
3017,F,35,9
3018,M,35,0
3019,M,50,12
3020,F,35,7
3021,F,45,15
3022,M,25,17
3023,F,25,7
3024,M,35,17
3025,F,35,0
3026,F,18,4
3027,M,18,4
3028,M,1,10
3029,M,18,4
3030,M,35,1
3031,M,18,4
3032,M,25,0
3033,M,18,4
3034,F,18,1
3035,F,25,7
3036,M,56,13
3037,F,25,2
3038,F,35,2
3039,F,50,3
3040,M,25,8
3041,M,25,4
3042,M,56,1
3043,M,18,2
3044,M,35,16
3045,M,45,1
3046,M,1,4
3047,F,25,4
3048,M,18,2
3049,F,50,0
3050,M,35,12
3051,M,18,17
3052,M,35,12
3053,F,25,3
3054,M,18,4
3055,F,25,3
3056,M,25,18
3057,F,25,12
3058,M,18,12
3059,M,35,0
3060,F,35,1
3061,M,45,2
3062,M,18,4
3063,M,18,4
3064,M,35,17
3065,F,18,4
3066,M,18,4
3067,F,25,0
3068,F,35,9
3069,M,18,4
3070,F,18,4
3071,M,25,1
3072,M,50,1
3073,M,25,0
3074,M,25,0
3075,F,25,11
3076,M,35,17
3077,M,18,4
3078,F,35,1
3079,F,25,1
3080,M,25,20
3081,M,25,7
3082,F,35,6
3083,F,50,0
3084,M,25,16
3085,M,25,4
3086,M,18,12
3087,F,1,1
3088,F,25,4
3089,M,45,16
3090,M,25,2
3091,F,25,0
3092,M,35,15
3093,F,45,20
3094,M,35,0
3095,F,25,3
3096,F,45,3
3097,F,25,5
3098,M,25,4
3099,M,25,17
3100,F,25,6
3101,M,18,15
3102,M,25,12
3103,M,25,20
3104,M,18,17
3105,M,35,12
3106,M,25,0
3107,M,25,17
3108,M,50,6
3109,F,25,11
3110,M,25,0
3111,M,18,4
3112,M,18,12
3113,M,25,10
3114,M,18,5
3115,M,35,17
3116,M,25,12
3117,M,35,0
3118,M,25,0
3119,M,45,1
3120,M,18,4
3121,M,25,2
3122,F,25,7
3123,M,25,2
3124,M,25,12
3125,M,25,7
3126,M,25,2
3127,F,25,0
3128,M,18,2
3129,M,25,7
3130,M,25,7
3131,F,25,2
3132,M,35,7
3133,M,18,4
3134,M,18,4
3135,M,25,15
3136,F,25,4
3137,M,25,11
3138,M,35,17
3139,M,56,13
3140,F,25,4
3141,M,25,14
3142,M,25,20
3143,F,50,16
3144,F,25,7
3145,M,18,4
3146,M,25,0
3147,M,25,14
3148,M,18,20
3149,M,18,4
3150,F,25,3
3151,F,25,0
3152,M,18,4
3153,F,25,4
3154,F,25,4
3155,M,25,7
3156,M,35,7
3157,M,25,12
3158,M,25,15
3159,F,25,15
3160,M,25,17
3161,M,25,7
3162,M,25,1
3163,M,18,15
3164,M,18,12
3165,M,35,7
3166,M,18,4
3167,M,25,2
3168,F,35,5
3169,M,50,0
3170,M,25,0
3171,F,50,3
3172,M,18,12
3173,M,25,12
3174,F,18,14
3175,M,35,16
3176,M,25,17
3177,F,25,6
3178,F,35,5
3179,F,18,20
3180,M,25,14
3181,M,25,12
3182,M,25,12
3183,M,50,7
3184,F,25,18
3185,M,18,7
3186,M,50,1
3187,M,35,12
3188,M,56,13
3189,M,25,16
3190,M,1,17
3191,M,25,12
3192,M,18,4
3193,M,25,0
3194,M,25,15
3195,M,18,4
3196,F,18,4
3197,F,18,14
3198,M,25,12
3199,M,18,0
3200,F,25,1
3201,M,45,7
3202,F,18,4
3203,M,35,0
3204,M,45,16
3205,F,35,16
3206,M,18,20
3207,M,35,7
3208,M,25,14
3209,M,25,0
3210,F,45,0
3211,M,50,16
3212,F,25,17
3213,F,25,1
3214,F,56,7
3215,F,50,13
3216,M,35,1
3217,F,35,0
3218,M,56,6
3219,F,18,4
3220,M,35,7
3221,M,25,0
3222,M,35,7
3223,M,25,20
3224,F,25,14
3225,M,18,0
3226,M,35,4
3227,F,25,14
3228,M,25,14
3229,F,56,1
3230,M,35,16
3231,M,25,7
3232,M,35,12
3233,M,50,2
3234,F,1,0
3235,M,18,4
3236,M,18,15
3237,M,35,7
3238,M,35,7
3239,F,25,12
3240,M,18,4
3241,F,50,0
3242,M,50,13
3243,M,25,12
3244,F,18,4
3245,M,18,2
3246,F,35,1
3247,M,35,15
3248,F,25,7
3249,F,25,4
3250,M,25,4
3251,M,35,17
3252,M,50,0
3253,F,35,4
3254,F,35,6
3255,F,25,15
3256,M,25,15
3257,M,25,14
3258,M,45,6
3259,F,18,4
3260,M,25,4
3261,M,45,20
3262,M,25,14
3263,M,50,11
3264,F,25,1
3265,M,25,15
3266,F,25,4
3267,M,25,4
3268,M,25,12
3269,F,18,20
3270,M,18,11
3271,F,35,0
3272,M,35,0
3273,M,35,7
3274,M,25,20
3275,M,35,7
3276,M,25,20
3277,M,25,17
3278,M,35,7
3279,M,45,15
3280,M,25,7
3281,M,25,17
3282,M,45,3
3283,M,35,16
3284,M,25,6
3285,M,25,4
3286,F,35,7
3287,M,56,13
3288,M,25,14
3289,M,45,6
3290,M,25,14
3291,F,25,7
3292,F,50,6
3293,M,45,14
3294,M,18,4
3295,M,18,18
3296,M,18,14
3297,M,18,4
3298,M,1,10
3299,F,25,4
3300,M,35,5
3301,F,25,2
3302,M,25,17
3303,M,56,17
3304,F,45,5
3305,M,56,20
3306,M,45,14
3307,M,50,6
3308,F,18,20
3309,M,25,17
3310,M,45,14
3311,M,25,4
3312,F,18,4
3313,M,35,20
3314,M,25,7
3315,M,25,12
3316,M,1,19
3317,M,25,4
3318,M,56,13
3319,F,56,13
3320,M,25,1
3321,M,35,1
3322,F,18,4
3323,M,35,14
3324,M,35,17
3325,F,35,14
3326,M,45,7
3327,M,18,12
3328,M,56,19
3329,M,50,18
3330,F,35,1
3331,F,25,7
3332,M,25,7
3333,M,18,16
3334,M,35,0
3335,M,25,0
3336,M,35,17
3337,M,25,4
3338,M,45,16
3339,M,25,17
3340,M,45,16
3341,M,25,20
3342,F,25,5
3343,F,18,4
3344,M,35,0
3345,M,25,7
3346,M,35,7
3347,F,35,7
3348,M,45,16
3349,F,18,4
3350,F,18,0
3351,F,18,5
3352,M,35,0
3353,M,35,17
3354,M,25,7
3355,M,25,1
3356,M,35,7
3357,M,25,18
3358,F,25,1
3359,M,25,20
3360,F,25,0
3361,M,25,4
3362,F,25,0
3363,F,35,9
3364,M,56,13
3365,M,50,17
3366,M,35,14
3367,M,50,16
3368,M,25,14
3369,M,45,18
3370,M,18,4
3371,M,25,2
3372,M,56,13
3373,M,18,16
3374,M,35,5
3375,M,25,4
3376,M,35,16
3377,M,25,17
3378,M,18,4
3379,M,35,1
3380,M,50,0
3381,M,25,0
3382,F,1,10
3383,M,56,16
3384,M,35,7
3385,F,25,9
3386,M,18,4
3387,M,18,1
3388,F,25,1
3389,M,18,0
3390,F,45,20
3391,M,18,4
3392,M,50,6
3393,M,35,12
3394,M,35,7
3395,M,25,7
3396,M,25,12
3397,M,25,5
3398,M,18,20
3399,M,25,4
3400,M,25,14
3401,M,35,7
3402,M,35,20
3403,M,35,5
3404,M,25,8
3405,M,35,14
3406,F,25,7
3407,F,45,5
3408,M,25,17
3409,M,25,4
3410,M,35,1
3411,M,18,4
3412,M,25,18
3413,F,25,17
3414,M,25,17
3415,M,35,7
3416,M,25,12
3417,F,18,2
3418,F,18,3
3419,M,45,1
3420,F,25,7
3421,M,45,7
3422,M,25,5
3423,M,25,7
3424,M,25,6
3425,M,18,20
3426,M,25,20
3427,M,25,14
3428,M,45,1
3429,F,25,7
3430,F,45,1
3431,F,45,6
3432,M,25,12
3433,M,18,12
3434,M,18,4
3435,M,45,1
3436,M,35,0
3437,F,25,0
3438,F,25,0
3439,M,18,17
3440,M,56,17
3441,F,25,14
3442,M,18,12
3443,F,35,17
3444,M,50,14
3445,F,35,20
3446,M,25,7
3447,M,25,12
3448,F,18,3
3449,M,25,14
3450,M,25,5
3451,F,25,11
3452,M,25,14
3453,M,35,7
3454,M,18,0
3455,F,25,0
3456,M,25,17
3457,M,25,20
3458,M,45,0
3459,M,18,4
3460,M,1,4
3461,M,35,0
3462,F,25,4
3463,M,25,15
3464,F,25,14
3465,M,25,14
3466,M,25,14
3467,M,25,14
3468,M,25,20
3469,M,45,17
3470,M,35,17
3471,M,18,4
3472,M,25,6
3473,F,35,16
3474,M,35,11
3475,M,25,14
3476,M,50,0
3477,F,50,1
3478,M,25,7
3479,M,18,4
3480,M,25,0
3481,M,18,4
3482,M,50,17
3483,F,45,7
3484,M,18,4
3485,M,25,0
3486,F,18,0
3487,M,18,4
3488,M,45,17
3489,M,18,4
3490,M,25,0
3491,M,25,16
3492,M,35,7
3493,M,25,17
3494,M,25,1
3495,M,18,4
3496,M,35,5
3497,F,35,2
3498,M,25,17
3499,M,25,3
3500,M,35,7
3501,F,35,7
3502,F,18,7
3503,M,18,4
3504,M,18,7
3505,F,25,15
3506,M,18,12
3507,M,25,0
3508,M,18,4
3509,M,18,4
3510,F,18,4
3511,M,50,0
3512,M,18,17
3513,M,25,16
3514,M,18,12
3515,M,35,3
3516,M,18,4
3517,M,18,12
3518,F,18,7
3519,F,25,14
3520,M,25,0
3521,M,25,0
3522,M,18,0
3523,M,35,7
3524,F,25,0
3525,F,18,4
3526,M,35,2
3527,M,25,0
3528,M,35,5
3529,F,45,1
3530,M,25,0
3531,F,25,11
3532,F,35,14
3533,M,25,2
3534,M,35,17
3535,M,45,18
3536,M,18,4
3537,M,1,10
3538,M,35,0
3539,F,25,4
3540,M,18,17
3541,M,25,3
3542,M,25,15
3543,M,25,17
3544,F,25,4
3545,M,35,12
3546,M,25,20
3547,M,35,16
3548,M,45,7
3549,F,35,7
3550,M,25,5
3551,F,56,0
3552,F,35,2
3553,M,35,16
3554,M,25,15
3555,M,56,7
3556,M,25,17
3557,M,18,5
3558,M,18,17
3559,M,18,4
3560,F,25,6
3561,M,35,14
3562,F,25,6
3563,M,25,2
3564,M,25,11
3565,M,25,18
3566,M,45,0
3567,M,25,14
3568,M,25,0
3569,F,18,2
3570,M,35,12
3571,M,18,4
3572,M,35,11
3573,M,1,10
3574,F,35,6
3575,M,25,18
3576,M,50,7
3577,F,56,0
3578,M,50,3
3579,M,18,0
3580,F,18,3
3581,M,18,1
3582,F,35,0
3583,F,25,9
3584,M,18,0
3585,M,35,20
3586,M,35,20
3587,M,35,3
3588,M,25,2
3589,F,45,0
3590,F,18,15
3591,M,35,6
3592,F,56,2
3593,F,25,9
3594,M,1,0
3595,M,25,0
3596,F,35,4
3597,M,25,17
3598,M,56,1
3599,M,25,16
3600,M,35,20
3601,F,35,3
3602,M,25,12
3603,F,35,7
3604,F,1,10
3605,M,18,12
3606,F,25,15
3607,M,35,17
3608,F,35,9
3609,F,25,17
3610,M,18,6
3611,M,25,2
3612,M,25,14
3613,M,25,0
3614,M,25,0
3615,M,25,17
3616,M,45,0
3617,M,35,7
3618,M,56,17
3619,M,50,16
3620,M,25,7
3621,M,18,4
3622,M,18,1
3623,M,35,11
3624,M,25,12
3625,M,18,10
3626,M,25,17
3627,F,35,1
3628,M,25,7
3629,F,50,7
3630,M,18,4
3631,M,18,4
3632,M,50,11
3633,M,35,18
3634,M,50,1
3635,M,50,1
3636,M,25,0
3637,M,25,6
3638,M,25,2
3639,M,18,4
3640,M,35,7
3641,M,25,0
3642,F,25,7
3643,M,25,17
3644,F,25,11
3645,M,35,17
3646,M,35,20
3647,M,25,7
3648,M,18,4
3649,F,25,0
3650,M,25,0
3651,M,25,14
3652,M,25,12
3653,M,18,15
3654,M,25,17
3655,F,25,7
3656,F,45,5
3657,M,18,17
3658,F,25,7
3659,M,18,4
3660,M,35,7
3661,M,35,12
3662,M,35,16
3663,F,35,9
3664,F,35,1
3665,M,25,0
3666,M,45,0
3667,F,1,10
3668,F,45,7
3669,M,25,14
3670,M,45,14
3671,M,25,4
3672,M,35,5
3673,M,25,2
3674,M,25,20
3675,M,35,7
3676,F,35,12
3677,F,25,12
3678,M,25,0
3679,M,25,4
3680,F,25,1
3681,M,25,7
3682,F,50,1
3683,M,25,2
3684,M,25,17
3685,M,25,5
3686,M,25,7
3687,F,50,1
3688,M,18,6
3689,M,25,0
3690,M,18,0
3691,M,25,7
3692,M,35,17
3693,M,25,15
3694,M,25,12
3695,M,25,2
3696,M,35,7
3697,M,25,15
3698,M,25,7
3699,F,56,3
3700,M,25,14
3701,M,35,1
3702,M,35,15
3703,M,18,12
3704,F,35,0
3705,M,45,7
3706,M,25,12
3707,F,18,0
3708,M,56,7
3709,M,25,12
3710,M,1,10
3711,M,35,0
3712,M,25,17
3713,F,25,7
3714,M,25,17
3715,M,18,5
3716,M,18,12
3717,M,35,17
3718,M,50,17
3719,M,25,1
3720,M,45,7
3721,M,25,15
3722,M,25,18
3723,M,25,14
3724,M,35,6
3725,M,18,4
3726,M,25,17
3727,M,35,7
3728,M,18,4
3729,M,18,4
3730,M,25,1
3731,M,25,17
3732,M,25,17
3733,M,18,4
3734,M,18,4
3735,M,25,0
3736,M,35,1
3737,M,25,14
3738,M,45,7
3739,M,56,11
3740,M,18,5
3741,M,25,0
3742,M,25,0
3743,F,35,7
3744,M,25,0
3745,F,25,9
3746,M,25,5
3747,M,45,13
3748,M,18,4
3749,F,25,0
3750,F,18,4
3751,F,35,12
3752,F,18,1
3753,M,25,7
3754,M,56,7
3755,F,50,14
3756,M,18,12
3757,M,25,7
3758,F,35,5
3759,M,35,6
3760,M,50,0
3761,M,25,17
3762,M,50,6
3763,M,25,2
3764,M,25,1
3765,F,50,3
3766,F,18,1
3767,M,25,0
3768,M,25,4
3769,M,25,15
3770,F,35,3
3771,M,25,1
3772,M,35,17
3773,M,35,6
3774,M,25,0
3775,M,35,12
3776,F,25,4
3777,M,18,4
3778,M,25,0
3779,F,45,2
3780,M,1,0
3781,F,56,11
3782,F,25,0
3783,M,25,7
3784,F,25,1
3785,F,25,20
3786,F,25,0
3787,F,25,0
3788,F,18,0
3789,F,25,0
3790,F,25,17
3791,M,50,18
3792,M,25,6
3793,M,18,4
3794,F,18,4
3795,F,18,4
3796,M,45,14
3797,M,25,7
3798,M,25,7
3799,M,18,0
3800,M,18,1
3801,M,18,12
3802,M,18,0
3803,F,35,9
3804,M,25,6
3805,F,35,1
3806,M,18,4
3807,F,35,19
3808,M,25,7
3809,M,35,6
3810,M,50,7
3811,M,25,15
3812,M,35,17
3813,M,35,7
3814,M,25,15
3815,M,25,17
3816,F,25,3
3817,M,35,3
3818,M,45,17
3819,M,25,12
3820,M,25,17
3821,M,25,20
3822,M,45,20
3823,M,56,7
3824,M,25,17
3825,M,18,1
3826,M,25,1
3827,M,50,2
3828,M,25,20
3829,F,25,1
3830,M,18,4
3831,F,18,6
3832,F,25,7
3833,M,25,1
3834,M,18,2
3835,M,25,7
3836,F,50,8
3837,M,25,17
3838,F,25,14
3839,M,50,14
3840,F,25,0
3841,M,45,18
3842,F,35,16
3843,F,1,10
3844,M,18,4
3845,M,25,12
3846,M,35,0
3847,M,25,7
3848,M,25,15
3849,M,35,0
3850,M,18,3
3851,M,25,12
3852,M,50,16
3853,M,25,14
3854,M,25,14
3855,M,25,17
3856,F,35,20
3857,M,18,14
3858,F,45,9
3859,M,25,0
3860,M,45,17
3861,M,18,4
3862,M,25,17
3863,M,25,0
3864,M,50,20
3865,F,1,10
3866,M,45,14
3867,M,35,3
3868,M,18,12
3869,M,18,17
3870,M,25,17
3871,M,18,4
3872,M,25,1
3873,F,45,2
3874,M,25,7
3875,M,25,0
3876,M,25,0
3877,M,45,1
3878,M,35,16
3879,M,25,3
3880,M,25,7
3881,M,18,2
3882,M,56,14
3883,M,50,16
3884,M,18,4
3885,M,25,12
3886,M,35,7
3887,M,18,4
3888,M,45,17
3889,M,45,6
3890,M,18,4
3891,F,56,16
3892,M,25,20
3893,M,25,6
3894,M,35,16
3895,F,35,0
3896,M,35,0
3897,M,56,17
3898,M,45,11
3899,M,25,17
3900,F,25,14
3901,M,18,14
3902,M,25,5
3903,M,25,0
3904,M,1,10
3905,M,25,17
3906,M,50,17
3907,F,18,14
3908,M,25,0
3909,M,18,17
3910,M,25,20
3911,M,18,0
3912,M,25,4
3913,M,18,17
3914,M,35,4
3915,F,35,3
3916,M,25,4
3917,F,35,9
3918,M,25,18
3919,M,45,0
3920,M,35,17
3921,M,25,14
3922,M,18,4
3923,M,35,2
3924,M,50,12
3925,M,25,12
3926,M,25,2
3927,F,25,16
3928,M,25,0
3929,M,25,5
3930,M,56,3
3931,M,25,5
3932,M,25,7
3933,F,35,6
3934,M,25,0
3935,M,35,18
3936,F,35,12
3937,M,56,2
3938,M,25,2
3939,M,45,7
3940,M,35,20
3941,M,45,17
3942,M,18,4
3943,F,35,7
3944,F,35,16
3945,F,45,1
3946,F,25,12
3947,M,25,0
3948,F,45,12
3949,M,45,0
3950,M,25,4
3951,F,18,4
3952,F,45,1
3953,M,25,12
3954,M,18,4
3955,M,35,0
3956,M,25,0
3957,M,35,11
3958,M,45,7
3959,F,45,1
3960,F,35,14
3961,M,25,1
3962,F,56,0
3963,M,50,20
3964,M,56,16
3965,M,18,11
3966,M,25,0
3967,F,18,2
3968,M,25,2
3969,M,56,7
3970,F,25,2
3971,F,18,4
3972,F,25,6
3973,M,25,7
3974,M,35,0
3975,F,25,5
3976,F,25,0
3977,M,35,14
3978,M,35,13
3979,F,50,9
3980,M,25,4
3981,F,45,0
3982,M,56,13
3983,M,25,0
3984,M,25,7
3985,M,45,16
3986,M,25,7
3987,F,18,4
3988,F,25,14
3989,M,50,12
3990,M,25,16
3991,M,25,7
3992,M,25,4
3993,M,25,0
3994,M,50,7
3995,M,35,17
3996,M,18,14
3997,M,35,17
3998,M,45,0
3999,M,35,17
4000,M,35,7
4001,F,25,1
4002,M,45,16
4003,M,56,13
4004,M,50,0
4005,M,35,7
4006,M,1,7
4007,M,35,12
4008,M,18,1
4009,M,18,7
4010,M,25,14
4011,M,25,17
4012,M,18,4
4013,M,25,1
4014,M,25,0
4015,F,45,3
4016,M,50,0
4017,M,25,14
4018,F,45,20
4019,M,35,17
4020,M,25,6
4021,M,50,20
4022,M,35,14
4023,F,35,9
4024,M,25,5
4025,F,56,6
4026,M,25,7
4027,F,25,7
4028,M,25,4
4029,F,56,3
4030,M,35,7
4031,M,25,0
4032,M,25,12
4033,M,25,6
4034,M,25,0
4035,M,18,4
4036,M,25,1
4037,M,50,16
4038,M,50,6
4039,M,25,16
4040,M,25,20
4041,M,18,3
4042,M,35,15
4043,F,25,15
4044,F,35,3
4045,M,56,13
4046,M,45,17
4047,M,18,4
4048,F,35,1
4049,M,45,11
4050,M,35,6
4051,M,18,14
4052,M,25,2
4053,M,25,18
4054,M,35,3
4055,M,50,0
4056,M,1,10
4057,M,35,6
4058,M,25,6
4059,M,25,14
4060,M,25,18
4061,M,50,6
4062,M,25,7
4063,F,35,1
4064,M,45,0
4065,F,45,5
4066,M,25,0
4067,M,45,20
4068,M,56,3
4069,M,35,15
4070,M,25,15
4071,M,25,17
4072,M,50,6
4073,M,25,6
4074,M,35,6
4075,M,25,16
4076,M,25,17
4077,F,35,2
4078,M,25,15
4079,M,35,17
4080,M,35,1
4081,M,18,12
4082,M,25,20
4083,M,56,14
4084,M,56,13
4085,F,25,6
4086,F,1,10
4087,M,1,4
4088,M,25,3
4089,M,25,7
4090,M,56,6
4091,M,25,17
4092,F,25,0
4093,M,25,4
4094,M,25,17
4095,M,25,0
4096,M,25,15
4097,M,25,7
4098,M,35,7
4099,M,35,17
4100,M,56,6
4101,M,18,4
4102,M,1,10
4103,M,18,16
4104,M,18,16
4105,M,50,7
4106,M,25,16
4107,F,25,0
4108,M,35,17
4109,M,35,3
4110,F,45,7
4111,M,25,15
4112,M,45,18
4113,M,35,17
4114,M,35,14
4115,M,25,15
4116,M,35,7
4117,M,18,4
4118,M,25,3
4119,M,50,1
4120,M,25,16
4121,M,45,7
4122,M,18,19
4123,F,25,4
4124,M,25,18
4125,M,35,2
4126,M,25,17
4127,M,50,17
4128,M,35,6
4129,M,56,11
4130,M,35,6
4131,M,45,7
4132,M,25,17
4133,M,45,4
4134,F,45,12
4135,M,1,10
4136,M,50,16
4137,M,25,7
4138,M,25,7
4139,M,56,14
4140,M,25,0
4141,M,35,17
4142,M,56,7
4143,F,25,5
4144,M,18,4
4145,F,50,1
4146,M,35,17
4147,F,50,7
4148,F,35,7
4149,M,35,1
4150,M,25,0
4151,M,45,20
4152,M,25,14
4153,M,50,17
4154,M,25,1
4155,M,50,17
4156,M,56,20
4157,M,50,18
4158,F,1,10
4159,F,50,9
4160,M,35,20
4161,M,45,0
4162,F,25,14
4163,M,56,7
4164,M,35,1
4165,F,25,14
4166,F,25,7
4167,M,25,20
4168,F,45,6
4169,M,50,0
4170,M,45,7
4171,M,56,16
4172,M,35,7
4173,F,18,11
4174,F,35,3
4175,M,35,0
4176,M,45,7
4177,M,35,17
4178,F,50,16
4179,F,35,20
4180,M,56,13
4181,F,25,7
4182,M,25,18
4183,M,25,1
4184,M,50,7
4185,M,25,14
4186,M,25,7
4187,F,56,20
4188,M,50,7
4189,M,35,14
4190,M,45,17
4191,F,45,15
4192,M,35,17
4193,M,56,13
4194,M,18,4
4195,F,56,13
4196,M,35,14
4197,F,45,1
4198,M,18,4
4199,F,25,9
4200,M,45,7
4201,F,25,0
4202,M,25,7
4203,M,25,18
4204,M,35,7
4205,F,25,15
4206,F,35,1
4207,M,35,1
4208,F,35,0
4209,M,56,0
4210,M,25,17
4211,M,45,5
4212,M,56,18
4213,M,35,7
4214,F,25,0
4215,M,25,7
4216,M,25,17
4217,M,18,4
4218,M,50,17
4219,M,35,17
4220,M,35,0
4221,M,35,4
4222,F,45,17
4223,F,35,17
4224,F,45,1
4225,F,25,3
4226,F,35,6
4227,M,25,19
4228,M,50,18
4229,M,35,17
4230,M,56,13
4231,F,50,18
4232,F,35,20
4233,M,35,4
4234,F,45,3
4235,M,50,2
4236,F,25,3
4237,M,25,14
4238,M,35,16
4239,M,50,7
4240,M,35,17
4241,M,35,7
4242,M,50,7
4243,M,56,7
4244,M,35,17
4245,M,50,12
4246,F,35,7
4247,M,25,4
4248,M,25,4
4249,F,18,17
4250,F,50,0
4251,M,45,7
4252,F,35,3
4253,M,45,11
4254,M,25,17
4255,M,50,12
4256,F,1,2
4257,M,50,16
4258,M,25,17
4259,M,35,17
4260,M,25,16
4261,F,35,6
4262,F,35,6
4263,M,25,7
4264,M,45,1
4265,M,25,12
4266,M,56,13
4267,M,35,7
4268,F,45,20
4269,M,35,18
4270,M,45,7
4271,M,35,7
4272,M,45,17
4273,M,45,13
4274,F,45,1
4275,F,45,16
4276,F,45,0
4277,M,35,16
4278,F,45,7
4279,M,25,16
4280,M,35,17
4281,M,56,13
4282,M,35,0
4283,F,25,9
4284,M,50,7
4285,M,35,0
4286,M,35,17
4287,M,25,7
4288,F,25,9
4289,M,35,14
4290,M,25,17
4291,M,35,14
4292,M,25,0
4293,F,45,9
4294,M,1,10
4295,M,18,18
4296,M,56,6
4297,M,45,15
4298,F,18,14
4299,F,25,2
4300,F,18,4
4301,M,35,11
4302,M,50,1
4303,M,25,2
4304,M,18,0
4305,F,45,17
4306,M,45,7
4307,M,25,0
4308,M,25,0
4309,M,25,0
4310,M,25,4
4311,M,50,13
4312,M,25,18
4313,F,25,7
4314,M,25,17
4315,M,18,4
4316,M,25,6
4317,F,35,14
4318,M,25,5
4319,M,35,7
4320,M,25,5
4321,M,45,7
4322,F,50,6
4323,M,18,4
4324,M,25,5
4325,M,25,0
4326,F,45,13
4327,M,35,17
4328,M,50,3
4329,F,25,14
4330,F,45,6
4331,M,35,6
4332,F,25,3
4333,M,50,2
4334,M,25,1
4335,M,35,0
4336,F,25,0
4337,M,18,20
4338,F,18,5
4339,M,25,2
4340,F,25,17
4341,M,35,17
4342,M,25,0
4343,M,25,12
4344,M,25,1
4345,F,25,14
4346,M,18,17
4347,F,18,20
4348,M,45,0
4349,M,18,2
4350,M,18,2
4351,M,25,12
4352,M,18,4
4353,M,25,7
4354,M,35,14
4355,M,50,14
4356,M,35,16
4357,F,35,9
4358,M,35,17
4359,M,18,4
4360,F,25,9
4361,M,35,15
4362,M,25,17
4363,M,35,14
4364,M,25,18
4365,F,50,16
4366,M,18,15
4367,M,35,0
4368,M,18,17
4369,M,50,7
4370,M,25,16
4371,F,18,4
4372,M,35,17
4373,M,50,12
4374,M,18,4
4375,F,25,5
4376,F,25,5
4377,M,25,0
4378,M,18,17
4379,M,25,4
4380,F,25,1
4381,M,25,4
4382,M,25,18
4383,F,18,4
4384,M,25,0
4385,M,25,4
4386,M,25,5
4387,F,18,4
4388,M,45,3
4389,M,25,4
4390,M,25,0
4391,F,18,4
4392,M,18,4
4393,M,18,4
4394,M,25,4
4395,M,50,6
4396,M,18,1
4397,M,18,4
4398,F,18,4
4399,F,18,4
4400,F,18,4
4401,M,18,4
4402,F,18,14
4403,M,25,15
4404,M,25,1
4405,M,25,14
4406,M,25,16
4407,M,18,4
4408,F,45,2
4409,M,25,14
4410,M,18,19
4411,M,18,4
4412,M,18,4
4413,M,1,13
4414,M,25,4
4415,M,18,0
4416,M,18,4
4417,M,25,15
4418,F,50,0
4419,F,45,12
4420,M,25,15
4421,M,45,0
4422,M,25,5
4423,M,18,4
4424,M,25,7
4425,M,35,7
4426,M,45,17
4427,M,18,0
4428,M,25,14
4429,M,25,5
4430,F,25,0
4431,M,1,14
4432,M,25,12
4433,M,25,0
4434,F,35,7
4435,M,25,7
4436,M,25,12
4437,F,35,5
4438,M,50,0
4439,M,35,6
4440,M,35,1
4441,M,18,4
4442,M,50,15
4443,M,56,2
4444,F,25,12
4445,M,25,3
4446,M,18,18
4447,M,45,5
4448,M,25,14
4449,M,25,12
4450,M,25,15
4451,M,25,14
4452,F,25,7
4453,M,35,0
4454,M,25,20
4455,M,35,7
4456,F,35,2
4457,M,35,14
4458,F,25,4
4459,M,25,1
4460,M,25,14
4461,M,25,20
4462,F,25,0
4463,M,50,7
4464,F,50,1
4465,M,18,4
4466,M,35,11
4467,F,50,6
4468,F,35,7
4469,F,45,12
4470,M,35,12
4471,M,25,6
4472,F,45,16
4473,M,35,1
4474,M,35,7
4475,M,18,4
4476,M,45,1
4477,M,25,7
4478,M,1,12
4479,M,50,13
4480,M,25,0
4481,M,25,18
4482,F,35,1
4483,F,25,6
4484,F,25,17
4485,M,25,4
4486,M,35,8
4487,M,25,7
4488,M,35,7
4489,M,18,4
4490,M,35,5
4491,M,18,4
4492,M,56,13
4493,F,1,10
4494,M,45,0
4495,M,18,4
4496,M,45,2
4497,M,50,0
4498,M,50,7
4499,M,25,6
4500,M,50,7
4501,M,25,17
4502,M,50,0
4503,M,56,1
4504,F,25,0
4505,M,50,7
4506,M,50,16
4507,M,18,4
4508,M,25,20
4509,M,25,7
4510,M,45,7
4511,M,35,7
4512,M,25,1
4513,M,56,0
4514,M,18,3
4515,M,56,13
4516,M,18,4
4517,F,18,1
4518,M,25,0
4519,M,50,7
4520,M,25,4
4521,M,35,12
4522,M,45,1
4523,M,18,2
4524,M,25,2
4525,M,25,14
4526,M,25,20
4527,M,18,0
4528,M,25,14
4529,M,35,6
4530,F,35,1
4531,M,18,4
4532,M,25,7
4533,M,25,12
4534,M,18,4
4535,M,18,19
4536,M,18,12
4537,F,45,1
4538,M,25,12
4539,M,35,19
4540,F,25,14
4541,M,1,10
4542,M,35,0
4543,M,25,2
4544,M,56,1
4545,M,25,16
4546,M,25,7
4547,M,18,12
4548,M,18,2
4549,F,1,10
4550,M,18,16
4551,M,18,12
4552,M,25,0
4553,F,35,16
4554,F,25,9
4555,F,18,9
4556,M,45,16
4557,M,25,14
4558,M,35,14
4559,M,25,7
4560,M,25,0
4561,F,25,9
4562,M,35,10
4563,F,25,6
4564,M,35,12
4565,M,35,14
4566,M,35,17
4567,M,18,4
4568,F,25,4
4569,M,25,0
4570,M,45,17
4571,M,35,7
4572,F,1,10
4573,M,50,16
4574,M,25,4
4575,F,1,10
4576,F,25,7
4577,M,35,7
4578,M,25,0
4579,F,18,4
4580,F,56,13
4581,M,25,1
4582,F,25,0
4583,M,50,1
4584,F,45,0
4585,M,35,7
4586,M,25,4
4587,M,35,14
4588,F,25,4
4589,M,25,17
4590,F,18,20
4591,M,25,15
4592,M,18,4
4593,F,45,1
4594,M,35,16
4595,M,25,18
4596,F,18,4
4597,F,25,4
4598,F,35,3
4599,F,35,0
4600,M,25,0
4601,M,35,14
4602,M,35,7
4603,F,35,2
4604,M,25,15
4605,M,25,15
4606,F,1,10
4607,M,25,0
4608,F,25,0
4609,F,25,4
4610,F,25,4
4611,F,18,4
4612,F,18,4
4613,M,25,12
4614,F,45,1
4615,M,25,17
4616,M,25,20
4617,F,25,6
4618,M,25,14
4619,F,25,1
4620,F,18,17
4621,M,25,4
4622,M,25,12
4623,M,25,16
4624,M,25,12
4625,M,25,7
4626,M,25,14
4627,M,56,1
4628,F,56,6
4629,F,18,4
4630,F,25,4
4631,M,18,4
4632,M,25,0
4633,M,1,0
4634,M,50,20
4635,M,18,4
4636,M,18,2
4637,F,35,9
4638,M,25,4
4639,M,35,11
4640,M,25,4
4641,M,25,7
4642,M,25,0
4643,M,25,0
4644,M,50,1
4645,F,50,6
4646,F,25,6
4647,M,35,20
4648,M,18,4
4649,M,56,13
4650,M,25,7
4651,F,45,0
4652,F,25,7
4653,M,35,12
4654,M,35,20
4655,F,25,1
4656,M,25,17
4657,M,45,14
4658,M,25,4
4659,F,25,14
4660,F,18,4
4661,M,45,15
4662,F,18,4
4663,M,25,4
4664,F,45,7
4665,M,35,2
4666,M,35,1
4667,M,25,14
4668,M,35,14
4669,M,35,7
4670,M,35,5
4671,M,25,12
4672,M,56,13
4673,M,35,16
4674,F,35,7
4675,F,18,4
4676,M,45,14
4677,M,50,6
4678,M,35,2
4679,M,56,13
4680,M,35,0
4681,F,35,15
4682,M,25,7
4683,M,25,0
4684,F,25,0
4685,M,35,1
4686,M,18,1
4687,M,35,14
4688,M,25,9
4689,M,18,12
4690,F,1,10
4691,F,45,17
4692,F,25,7
4693,M,18,1
4694,M,56,7
4695,M,18,18
4696,M,18,12
4697,M,18,10
4698,F,25,6
4699,F,18,0
4700,F,18,4
4701,M,45,17
4702,M,25,11
4703,M,25,7
4704,M,18,20
4705,F,18,0
4706,M,25,14
4707,M,1,0
4708,M,25,0
4709,M,45,0
4710,F,35,16
4711,M,25,17
4712,M,35,17
4713,M,25,17
4714,M,50,1
4715,M,25,2
4716,F,25,16
4717,M,45,17
4718,M,35,7
4719,F,35,9
4720,M,25,2
4721,M,35,11
4722,M,35,12
4723,M,35,7
4724,F,56,6
4725,M,35,5
4726,F,35,16
4727,F,56,0
4728,M,25,19
4729,M,50,16
4730,M,50,11
4731,M,25,17
4732,M,25,14
4733,M,18,18
4734,M,50,1
4735,M,45,3
4736,M,18,20
4737,M,35,16
4738,M,56,1
4739,M,25,3
4740,F,25,3
4741,M,35,7
4742,M,25,3
4743,M,56,13
4744,M,50,15
4745,F,18,4
4746,M,50,1
4747,M,18,4
4748,M,45,16
4749,M,45,0
4750,F,25,0
4751,M,50,15
4752,F,18,4
4753,M,56,1
4754,F,18,0
4755,F,56,7
4756,M,56,16
4757,M,35,17
4758,F,56,13
4759,F,50,0
4760,M,35,17
4761,M,18,15
4762,F,25,14
4763,M,56,11
4764,M,1,10
4765,F,35,16
4766,M,35,16
4767,F,35,9
4768,M,25,4
4769,M,25,1
4770,F,35,7
4771,F,25,4
4772,M,56,17
4773,M,45,1
4774,M,45,14
4775,M,25,17
4776,F,25,3
4777,M,25,2
4778,M,25,0
4779,M,45,3
4780,M,25,12
4781,F,50,6
4782,M,45,1
4783,M,25,0
4784,F,35,6
4785,F,25,14
4786,M,45,6
4787,M,1,11
4788,M,35,7
4789,M,35,2
4790,F,25,2
4791,M,18,4
4792,F,50,7
4793,F,25,6
4794,F,35,0
4795,M,45,16
4796,M,35,7
4797,F,35,17
4798,M,25,1
4799,F,18,4
4800,M,18,4
4801,M,25,4
4802,M,56,1
4803,F,25,16
4804,F,35,1
4805,M,35,1
4806,M,25,17
4807,M,1,2
4808,M,35,0
4809,F,50,4
4810,M,18,12
4811,M,35,1
4812,M,18,14
4813,F,35,9
4814,M,18,14
4815,F,50,18
4816,F,45,6
4817,M,25,1
4818,F,25,17
4819,M,35,18
4820,M,50,11
4821,M,18,19
4822,F,35,0
4823,M,18,4
4824,M,25,7
4825,M,25,17
4826,M,45,12
4827,M,35,0
4828,F,18,20
4829,M,25,0
4830,M,1,10
4831,F,25,1
4832,M,25,14
4833,M,35,16
4834,F,45,9
4835,M,25,20
4836,F,45,16
4837,M,25,5
4838,M,45,1
4839,F,50,6
4840,F,45,6
4841,M,25,12
4842,F,35,1
4843,M,56,1
4844,M,45,7
4845,F,25,1
4846,F,25,2
4847,M,25,12
4848,F,35,6
4849,F,18,4
4850,F,45,3
4851,M,18,17
4852,M,35,0
4853,M,25,7
4854,F,50,13
4855,M,25,12
4856,M,25,7
4857,M,25,14
4858,M,25,1
4859,F,18,14
4860,M,25,2
4861,M,25,4
4862,M,25,0
4863,F,25,9
4864,M,18,20
4865,F,35,14
4866,M,56,12
4867,M,25,16
4868,M,35,17
4869,F,45,6
4870,F,35,3
4871,M,18,12
4872,M,45,1
4873,M,56,11
4874,F,25,4
4875,M,35,0
4876,F,35,17
4877,M,25,4
4878,M,50,4
4879,M,25,3
4880,F,45,9
4881,M,45,16
4882,M,45,11
4883,F,1,10
4884,M,35,14
4885,M,56,1
4886,F,35,17
4887,M,18,2
4888,F,56,0
4889,M,18,4
4890,F,25,1
4891,M,35,17
4892,M,25,12
4893,M,25,17
4894,M,35,7
4895,F,25,3
4896,M,35,6
4897,M,35,16
4898,M,25,1
4899,M,25,12
4900,M,25,20
4901,M,25,7
4902,M,35,14
4903,M,35,12
4904,M,50,15
4905,F,45,1
4906,M,50,17
4907,F,50,7
4908,M,35,15
4909,F,35,12
4910,M,18,12
4911,F,25,0
4912,F,50,20
4913,F,25,1
4914,F,25,1
4915,M,25,12
4916,M,18,20
4917,M,45,0
4918,F,18,12
4919,M,18,0
4920,M,35,1
4921,F,25,15
4922,M,18,17
4923,M,45,18
4924,F,35,0
4925,F,35,6
4926,M,1,10
4927,M,45,0
4928,F,25,3
4929,M,45,1
4930,M,50,17
4931,M,50,17
4932,M,25,7
4933,M,25,15
4934,F,25,0
4935,M,35,17
4936,F,18,4
4937,M,35,0
4938,F,18,4
4939,M,25,7
4940,F,50,11
4941,M,56,20
4942,M,45,12
4943,F,50,0
4944,M,50,17
4945,M,50,0
4946,F,35,1
4947,M,35,17
4948,M,45,2
4949,M,18,4
4950,M,25,16
4951,F,35,17
4952,F,25,14
4953,M,35,12
4954,M,45,0
4955,M,56,13
4956,M,35,15
4957,M,25,2
4958,M,18,7
4959,M,25,17
4960,M,56,1
4961,M,25,7
4962,M,25,6
4963,M,45,17
4964,M,35,0
4965,M,1,10
4966,M,50,14
4967,M,18,4
4968,F,50,20
4969,M,18,19
4970,F,25,12
4971,M,35,7
4972,M,35,0
4973,F,56,2
4974,M,35,20
4975,M,35,0
4976,M,25,11
4977,M,25,4
4978,M,35,14
4979,M,35,2
4980,M,25,1
4981,M,50,1
4982,M,25,12
4983,F,45,16
4984,M,35,0
4985,M,35,0
4986,M,18,12
4987,F,56,8
4988,M,25,17
4989,M,25,0
4990,F,25,4
4991,F,56,14
4992,F,25,2
4993,M,45,17
4994,M,45,17
4995,M,50,20
4996,M,35,7
4997,M,1,10
4998,F,18,4
4999,F,56,13
5000,M,25,4
5001,F,25,2
5002,M,25,17
5003,M,35,12
5004,F,56,1
5005,M,45,16
5006,M,35,3
5007,F,18,4
5008,M,25,20
5009,F,45,16
5010,M,45,15
5011,M,18,4
5012,M,50,15
5013,M,18,4
5014,M,45,0
5015,M,35,6
5016,F,35,1
5017,M,35,12
5018,F,56,12
5019,M,25,7
5020,F,56,13
5021,M,50,6
5022,M,35,7
5023,M,35,20
5024,F,45,1
5025,M,25,20
5026,M,25,17
5027,F,25,14
5028,M,25,12
5029,M,25,4
5030,M,18,1
5031,F,25,4
5032,M,18,17
5033,F,56,13
5034,F,25,15
5035,F,25,17
5036,M,35,7
5037,M,35,12
5038,M,25,20
5039,F,35,4
5040,M,45,12
5041,F,45,6
5042,F,18,2
5043,F,18,6
5044,F,35,6
5045,M,35,0
5046,M,25,16
5047,M,45,6
5048,F,35,7
5049,M,25,12
5050,F,18,4
5051,F,50,7
5052,M,35,16
5053,M,25,4
5054,M,35,2
5055,F,35,16
5056,M,45,1
5057,M,50,7
5058,M,56,17
5059,M,45,16
5060,M,45,17
5061,F,18,19
5062,M,50,16
5063,F,1,10
5064,M,18,4
5065,M,25,14
5066,F,25,1
5067,M,56,13
5068,M,35,7
5069,F,56,0
5070,M,25,2
5071,F,25,7
5072,M,45,17
5073,M,56,2
5074,M,1,0
5075,M,50,6
5076,M,25,3
5077,M,25,2
5078,M,45,7
5079,M,25,4
5080,F,50,12
5081,F,18,4
5082,M,35,1
5083,M,25,4
5084,M,18,4
5085,M,56,17
5086,M,25,1
5087,F,25,6
5088,M,25,17
5089,F,35,16
5090,F,35,19
5091,M,25,17
5092,M,56,14
5093,M,50,7
5094,M,18,10
5095,F,35,1
5096,M,25,11
5097,M,56,16
5098,M,50,7
5099,M,18,0
5100,M,50,6
5101,M,25,0
5102,M,25,12
5103,F,35,16
5104,M,35,20
5105,M,50,7
5106,F,35,1
5107,F,45,0
5108,F,25,9
5109,F,45,6
5110,M,35,15
5111,M,35,2
5112,M,35,13
5113,M,25,0
5114,F,1,10
5115,M,56,12
5116,M,35,6
5117,F,25,0
5118,M,1,10
5119,F,25,0
5120,M,50,7
5121,M,25,7
5122,M,25,0
5123,M,50,12
5124,M,35,2
5125,M,45,0
5126,M,25,11
5127,M,45,5
5128,M,50,7
5129,M,45,17
5130,F,50,1
5131,F,25,1
5132,M,35,7
5133,M,18,11
5134,M,25,17
5135,M,35,7
5136,M,25,12
5137,M,18,18
5138,M,25,17
5139,M,50,16
5140,M,25,6
5141,M,18,17
5142,M,25,1
5143,M,18,4
5144,F,50,0
5145,M,35,7
5146,M,56,1
5147,M,18,0
5148,M,25,20
5149,M,35,1
5150,M,25,3
5151,M,18,19
5152,F,25,4
5153,M,25,7
5154,M,25,16
5155,M,25,16
5156,M,18,14
5157,M,35,1
5158,F,18,4
5159,M,35,7
5160,F,18,4
5161,M,25,4
5162,M,25,17
5163,M,45,6
5164,F,35,17
5165,M,35,6
5166,M,50,6
5167,M,18,15
5168,M,35,7
5169,F,50,4
5170,M,18,4
5171,M,56,17
5172,F,35,11
5173,M,1,10
5174,M,45,1
5175,F,35,9
5176,M,1,10
5177,M,45,14
5178,M,50,0
5179,M,25,12
5180,M,35,11
5181,M,25,7
5182,F,35,7
5183,F,18,20
5184,M,18,20
5185,F,35,4
5186,M,35,12
5187,M,18,16
5188,F,35,9
5189,F,45,7
5190,F,35,0
5191,F,25,4
5192,M,25,7
5193,M,35,12
5194,M,25,7
5195,M,35,7
5196,M,56,7
5197,F,56,3
5198,F,18,4
5199,F,25,1
5200,F,35,15
5201,M,50,7
5202,M,18,4
5203,F,45,6
5204,M,50,13
5205,M,25,1
5206,M,35,7
5207,M,25,0
5208,M,25,4
5209,M,50,1
5210,F,35,17
5211,M,25,1
5212,M,18,2
5213,M,18,0
5214,F,35,9
5215,F,56,6
5216,M,18,2
5217,M,25,17
5218,M,18,0
5219,M,18,4
5220,M,25,7
5221,F,56,1
5222,M,25,12
5223,M,56,10
5224,M,35,1
5225,M,18,4
5226,M,35,0
5227,M,18,10
5228,M,1,0
5229,M,25,0
5230,M,25,12
5231,M,35,7
5232,M,25,4
5233,M,25,5
5234,F,25,0
5235,M,25,4
5236,M,25,14
5237,M,25,7
5238,F,50,16
5239,M,35,7
5240,F,25,0
5241,F,25,4
5242,M,25,1
5243,M,1,10
5244,M,18,4
5245,F,45,1
5246,F,18,0
5247,F,1,10
5248,F,45,14
5249,F,45,14
5250,M,50,6
5251,F,25,17
5252,M,25,20
5253,F,56,13
5254,M,18,4
5255,M,1,10
5256,M,25,16
5257,F,25,2
5258,M,35,4
5259,M,25,6
5260,M,35,7
5261,M,35,12
5262,F,25,14
5263,M,35,7
5264,M,18,4
5265,M,45,1
5266,M,35,1
5267,M,35,7
5268,F,25,2
5269,M,18,0
5270,M,25,12
5271,F,25,0
5272,M,25,7
5273,M,56,20
5274,M,25,0
5275,M,25,17
5276,F,25,4
5277,M,25,20
5278,F,25,7
5279,F,25,14
5280,M,18,4
5281,M,25,2
5282,F,18,4
5283,M,18,2
5284,M,25,16
5285,M,18,4
5286,M,45,16
5287,M,25,8
5288,M,56,13
5289,M,45,2
5290,F,18,4
5291,M,45,1
5292,M,25,0
5293,M,25,12
5294,M,25,2
5295,M,35,7
5296,F,1,0
5297,M,25,12
5298,M,35,17
5299,M,25,2
5300,M,25,20
5301,M,25,17
5302,F,1,10
5303,F,56,6
5304,F,35,9
5305,F,18,4
5306,F,25,17
5307,M,25,5
5308,M,56,7
5309,M,25,0
5310,F,56,1
5311,M,50,0
5312,M,25,1
5313,M,56,0
5314,F,25,0
5315,M,25,12
5316,M,18,4
5317,F,25,0
5318,M,18,17
5319,M,18,17
5320,F,18,5
5321,M,25,4
5322,M,35,17
5323,M,25,20
5324,M,25,7
5325,F,50,7
5326,M,25,2
5327,M,25,7
5328,F,25,4
5329,F,25,5
5330,F,25,0
5331,M,35,14
5332,M,18,4
5333,F,25,7
5334,F,56,13
5335,M,25,14
5336,M,56,7
5337,F,35,3
5338,M,25,17
5339,M,18,17
5340,F,50,3
5341,F,25,3
5342,F,35,7
5343,F,25,9
5344,F,50,1
5345,F,25,17
5346,F,25,3
5347,M,25,6
5348,M,18,5
5349,F,50,2
5350,M,18,5
5351,F,45,1
5352,F,35,5
5353,M,25,6
5354,F,45,3
5355,M,56,0
5356,M,45,0
5357,F,18,20
5358,M,35,7
5359,M,18,16
5360,M,18,12
5361,F,50,16
5362,M,35,13
5363,M,56,13
5364,F,25,3
5365,M,18,12
5366,M,18,12
5367,M,18,4
5368,F,25,17
5369,M,25,15
5370,M,25,12
5371,M,25,11
5372,M,25,4
5373,M,18,12
5374,M,35,7
5375,M,25,0
5376,M,25,17
5377,F,18,3
5378,M,35,18
5379,M,25,7
5380,M,18,4
5381,M,25,14
5382,M,18,4
5383,M,35,1
5384,F,25,3
5385,M,25,12
5386,M,25,14
5387,F,25,1
5388,F,18,4
5389,M,45,7
5390,M,1,0
5391,M,25,7
5392,M,50,1
5393,M,35,7
5394,M,18,0
5395,M,50,1
5396,M,25,6
5397,M,18,0
5398,M,56,17
5399,M,25,1
5400,F,18,4
5401,F,18,1
5402,F,25,0
5403,M,1,10
5404,M,25,0
5405,F,50,7
5406,F,35,0
5407,F,35,17
5408,M,25,20
5409,M,45,1
5410,F,45,2
5411,F,1,19
5412,M,25,12
5413,M,35,1
5414,M,1,10
5415,F,25,7
5416,F,25,5
5417,M,18,17
5418,F,25,0
5419,F,18,12
5420,F,1,19
5421,M,35,17
5422,M,50,7
5423,F,50,5
5424,F,35,2
5425,M,18,4
5426,M,25,14
5427,M,35,19
5428,F,25,6
5429,F,25,1
5430,F,45,1
5431,M,56,1
5432,M,56,13
5433,F,35,17
5434,F,25,7
5435,M,45,18
5436,M,18,4
5437,M,25,11
5438,M,25,14
5439,M,56,13
5440,F,45,2
5441,M,50,7
5442,M,25,7
5443,M,25,12
5444,F,18,4
5445,M,25,0
5446,F,50,1
5447,M,45,2
5448,M,45,19
5449,M,18,12
5450,M,18,12
5451,F,25,1
5452,M,35,6
5453,M,18,4
5454,M,35,7
5455,F,18,17
5456,M,35,1
5457,M,18,12
5458,F,18,2
5459,F,1,10
5460,M,18,4
5461,M,50,0
5462,M,25,17
5463,M,35,0
5464,M,35,7
5465,F,25,0
5466,M,25,12
5467,M,35,0
5468,M,25,12
5469,M,35,12
5470,M,56,7
5471,M,18,7
5472,M,35,1
5473,M,25,1
5474,M,25,12
5475,M,25,4
5476,F,35,0
5477,M,35,1
5478,M,35,7
5479,M,35,1
5480,F,25,14
5481,M,45,12
5482,M,18,7
5483,F,25,6
5484,M,45,17
5485,M,25,4
5486,M,25,0
5487,M,25,17
5488,M,25,15
5489,M,18,7
5490,M,45,17
5491,M,18,7
5492,M,18,4
5493,M,35,12
5494,F,35,17
5495,F,18,4
5496,M,25,7
5497,M,25,4
5498,F,50,1
5499,F,25,19
5500,F,35,20
5501,M,25,2
5502,M,25,2
5503,F,25,9
5504,M,45,7
5505,F,25,4
5506,F,18,14
5507,M,45,7
5508,M,25,20
5509,M,25,0
5510,M,18,4
5511,M,45,1
5512,F,25,17
5513,M,35,1
5514,F,1,10
5515,M,18,4
5516,F,50,16
5517,M,56,0
5518,M,50,17
5519,M,35,15
5520,M,45,1
5521,F,25,6
5522,M,25,14
5523,M,35,0
5524,F,1,10
5525,F,1,10
5526,F,35,2
5527,M,25,1
5528,M,50,1
5529,M,18,6
5530,F,18,4
5531,M,50,17
5532,M,25,17
5533,F,50,2
5534,M,45,16
5535,M,25,15
5536,M,25,16
5537,F,56,1
5538,M,45,12
5539,F,25,20
5540,M,35,1
5541,M,56,7
5542,M,45,7
5543,M,25,17
5544,M,25,15
5545,F,35,16
5546,M,18,14
5547,F,18,4
5548,F,18,4
5549,F,50,9
5550,M,35,15
5551,F,35,20
5552,M,50,7
5553,M,35,3
5554,M,25,1
5555,M,1,10
5556,M,45,6
5557,M,35,14
5558,M,1,10
5559,M,50,1
5560,F,35,17
5561,F,25,3
5562,F,35,1
5563,F,25,7
5564,M,45,20
5565,M,18,17
5566,M,35,7
5567,M,50,3
5568,M,18,4
5569,F,18,1
5570,M,25,1
5571,F,25,9
5572,F,25,4
5573,F,35,1
5574,M,25,0
5575,M,35,7
5576,M,25,4
5577,M,50,1
5578,F,18,1
5579,F,35,7
5580,M,45,7
5581,M,25,0
5582,M,45,1
5583,M,56,15
5584,F,50,0
5585,M,25,4
5586,M,35,20
5587,M,25,17
5588,F,25,20
5589,F,25,0
5590,F,45,12
5591,M,18,0
5592,M,25,1
5593,M,50,16
5594,F,45,0
5595,M,25,20
5596,M,35,12
5597,F,18,4
5598,M,18,4
5599,M,35,7
5600,F,45,0
5601,M,35,1
5602,M,35,0
5603,M,50,7
5604,M,35,15
5605,F,18,2
5606,F,25,14
5607,M,18,4
5608,M,18,3
5609,F,50,1
5610,F,25,1
5611,F,35,7
5612,F,25,1
5613,F,35,0
5614,M,25,0
5615,M,35,7
5616,M,45,1
5617,M,25,14
5618,F,18,4
5619,F,18,4
5620,M,35,14
5621,M,25,7
5622,M,35,15
5623,M,25,11
5624,M,25,7
5625,M,25,1
5626,M,56,16
5627,M,25,0
5628,M,18,4
5629,M,25,14
5630,M,35,17
5631,M,35,12
5632,F,18,4
5633,M,50,1
5634,M,25,14
5635,F,35,9
5636,M,25,7
5637,M,1,10
5638,M,18,1
5639,F,18,4
5640,M,35,17
5641,F,25,17
5642,M,1,10
5643,F,35,1
5644,F,18,4
5645,M,25,2
5646,M,18,4
5647,M,18,1
5648,M,25,17
5649,F,18,4
5650,F,35,12
5651,F,25,6
5652,M,18,0
5653,M,50,1
5654,M,25,4
5655,F,25,6
5656,M,25,15
5657,M,50,14
5658,M,56,0
5659,M,25,0
5660,M,25,2
5661,F,25,15
5662,M,1,10
5663,F,35,20
5664,M,18,4
5665,M,18,4
5666,M,18,16
5667,M,35,7
5668,F,25,3
5669,M,56,1
5670,M,18,4
5671,M,25,1
5672,F,25,4
5673,F,35,1
5674,M,35,7
5675,M,35,14
5676,M,25,20
5677,M,25,1
5678,M,35,17
5679,M,35,2
5680,M,50,20
5681,F,25,7
5682,M,18,0
5683,F,18,9
5684,M,18,16
5685,M,25,17
5686,M,56,16
5687,F,1,0
5688,F,18,4
5689,M,25,0
5690,M,18,4
5691,M,35,14
5692,F,25,7
5693,F,25,4
5694,F,25,12
5695,F,35,3
5696,F,25,14
5697,M,25,0
5698,M,35,14
5699,M,35,15
5700,F,18,14
5701,M,25,7
5702,M,18,0
5703,M,56,1
5704,F,18,4
5705,F,18,4
5706,M,18,17
5707,M,25,12
5708,M,35,1
5709,M,18,4
5710,M,25,15
5711,M,25,7
5712,M,35,1
5713,F,50,7
5714,M,35,2
5715,M,18,4
5716,M,1,10
5717,M,25,0
5718,F,35,14
5719,M,56,7
5720,M,25,0
5721,M,45,11
5722,M,25,20
5723,M,18,12
5724,M,25,15
5725,M,18,2
5726,M,25,1
5727,M,25,4
5728,F,35,20
5729,M,18,10
5730,M,18,0
5731,F,25,11
5732,F,25,11
5733,M,25,4
5734,F,25,14
5735,M,25,6
5736,M,25,1
5737,M,45,15
5738,M,25,12
5739,M,25,7
5740,M,25,1
5741,M,50,13
5742,F,25,12
5743,F,35,0
5744,F,25,4
5745,F,18,4
5746,M,18,15
5747,M,25,0
5748,M,25,0
5749,M,25,2
5750,M,18,1
5751,F,1,0
5752,F,56,0
5753,M,18,17
5754,F,18,1
5755,F,35,2
5756,F,1,10
5757,M,1,10
5758,F,50,1
5759,F,25,1
5760,M,18,12
5761,M,25,20
5762,F,35,6
5763,F,25,1
5764,F,50,12
5765,M,25,11
5766,M,56,14
5767,M,25,2
5768,F,1,7
5769,M,45,14
5770,M,25,0
5771,M,25,7
5772,M,35,7
5773,M,25,6
5774,M,18,4
5775,M,25,11
5776,M,18,12
5777,M,1,0
5778,M,35,12
5779,M,25,5
5780,M,18,17
5781,M,25,2
5782,F,35,0
5783,F,45,1
5784,M,18,10
5785,F,25,7
5786,M,25,6
5787,M,25,20
5788,M,25,0
5789,M,25,17
5790,F,35,0
5791,M,18,4
5792,M,25,17
5793,M,25,2
5794,M,35,17
5795,M,25,1
5796,F,25,7
5797,M,25,7
5798,M,35,0
5799,M,25,5
5800,M,35,18
5801,M,25,16
5802,F,25,0
5803,M,1,10
5804,F,35,7
5805,F,25,0
5806,F,50,1
5807,M,35,7
5808,F,25,7
5809,M,25,7
5810,M,50,16
5811,M,18,4
5812,F,25,7
5813,M,25,7
5814,M,25,0
5815,M,25,20
5816,M,25,0
5817,M,25,17
5818,M,25,4
5819,M,50,6
5820,M,45,0
5821,M,25,15
5822,F,35,4
5823,M,25,12
5824,M,18,12
5825,F,25,4
5826,M,18,4
5827,M,25,2
5828,M,25,17
5829,F,25,4
5830,F,18,4
5831,M,25,1
5832,F,25,0
5833,F,35,0
5834,M,56,16
5835,F,35,0
5836,M,25,0
5837,M,25,7
5838,F,45,7
5839,M,25,1
5840,F,1,0
5841,F,35,7
5842,M,25,4
5843,M,35,1
5844,F,1,10
5845,F,25,3
5846,M,45,16
5847,F,18,4
5848,M,50,20
5849,M,35,17
5850,F,25,7
5851,F,18,20
5852,F,25,1
5853,M,50,19
5854,M,45,7
5855,M,50,7
5856,F,25,7
5857,F,45,2
5858,M,25,4
5859,M,25,7
5860,F,25,4
5861,F,50,1
5862,F,25,9
5863,F,25,14
5864,F,50,1
5865,M,25,17
5866,F,25,6
5867,F,45,3
5868,M,35,14
5869,F,25,7
5870,M,25,14
5871,F,25,4
5872,M,25,17
5873,M,18,12
5874,M,25,4
5875,M,25,4
5876,M,50,7
5877,M,18,12
5878,F,25,0
5879,M,35,7
5880,M,25,1
5881,M,35,17
5882,M,35,7
5883,F,18,0
5884,M,18,4
5885,M,25,1
5886,M,25,20
5887,F,35,20
5888,M,25,20
5889,M,50,20
5890,M,35,20
5891,M,18,4
5892,M,45,2
5893,M,25,7
5894,M,35,0
5895,M,25,1
5896,M,25,0
5897,M,25,20
5898,F,18,0
5899,M,35,17
5900,M,25,7
5901,F,35,7
5902,M,50,16
5903,M,25,11
5904,F,45,12
5905,F,35,20
5906,F,18,4
5907,M,25,2
5908,M,25,4
5909,M,18,20
5910,F,45,20
5911,F,25,17
5912,M,25,1
5913,F,18,0
5914,M,35,2
5915,M,18,4
5916,M,50,20
5917,F,50,1
5918,M,25,12
5919,M,18,0
5920,F,25,1
5921,M,25,6
5922,M,56,3
5923,M,25,7
5924,M,35,0
5925,F,25,0
5926,F,50,7
5927,M,35,14
5928,M,45,1
5929,F,35,0
5930,F,35,17
5931,F,18,7
5932,M,18,14
5933,M,25,2
5934,M,25,14
5935,M,18,0
5936,M,18,4
5937,M,25,12
5938,M,25,1
5939,F,45,15
5940,M,50,12
5941,F,25,0
5942,M,45,1
5943,F,45,1
5944,F,18,10
5945,F,35,2
5946,F,56,1
5947,F,45,16
5948,M,56,13
5949,M,18,17
5950,M,25,4
5951,M,18,4
5952,F,45,1
5953,M,1,10
5954,M,45,11
5955,F,25,7
5956,F,18,4
5957,M,18,20
5958,M,45,14
5959,F,18,4
5960,F,45,0
5961,F,45,0
5962,M,35,7
5963,M,25,15
5964,M,18,5
5965,M,25,17
5966,F,35,9
5967,M,50,16
5968,M,56,7
5969,M,45,13
5970,M,35,11
5971,M,35,7
5972,F,25,20
5973,M,1,10
5974,F,25,1
5975,M,25,14
5976,F,25,1
5977,M,35,1
5978,M,35,1
5979,M,25,1
5980,M,56,1
5981,M,35,7
5982,M,35,1
5983,M,25,3
5984,M,25,1
5985,F,18,4
5986,F,56,1
5987,M,25,16
5988,M,25,15
5989,F,1,10
5990,F,25,20
5991,F,35,20
5992,F,18,4
5993,F,50,20
5994,M,35,1
5995,F,35,1
5996,F,25,0
5997,F,25,7
5998,M,18,4
5999,F,25,1
6000,M,45,17
6001,F,25,7
6002,M,50,0
6003,F,45,17
6004,F,25,15
6005,F,25,5
6006,F,1,0
6007,M,35,17
6008,M,18,4
6009,F,25,12
6010,M,35,0
6011,M,35,15
6012,M,35,15
6013,F,25,20
6014,M,45,1
6015,F,25,9
6016,M,45,1
6017,F,35,7
6018,M,35,1
6019,M,25,0
6020,M,50,16
6021,M,25,12
6022,M,25,17
6023,M,25,0
6024,M,25,12
6025,F,25,1
6026,M,35,6
6027,M,18,4
6028,M,18,4
6029,F,25,1
6030,M,25,17
6031,F,18,0
6032,M,45,7
6033,M,50,13
6034,M,25,14
6035,F,25,1
6036,F,25,15
6037,F,45,1
6038,F,56,1
6039,F,45,0
6040,M,25,6
