{"name":"CheckBalance","identifier":"JSGOLU6HIA","description":null,"parentIntentSignature":null,"sampleUtterances":[{"utterance":"계좌의 잔액을 확인하고 싶습니다."},{"utterance":"계좌에 잔액이 얼마나 있나요?"},{"utterance":"계좌 확인"},{"utterance":"계좌 조회"},{"utterance":"{BankName}  {BankAccount}  계좌에 얼마가 있나요?"},{"utterance":"{BankName}  {BankAccount}  계좌의 잔액은 얼마인가요?"},{"utterance":"{BankName}  {BankAccount}  계좌의 잔액을 확인하고 싶습니다."}],"intentConfirmationSetting":null,"intentClosingSetting":null,"inputContexts":null,"outputContexts":null,"kendraConfiguration":null,"dialogCodeHook":{"enabled":true},"fulfillmentCodeHook":{"postFulfillmentStatusSpecification":null,"fulfillmentUpdatesSpecification":{"active":false,"timeoutInSeconds":null,"startResponse":null,"updateResponse":null},"enabled":true},"slotPriorities":[{"priority":1,"slotName":"BankName"},{"priority":2,"slotName":"BankAccount"}]}